Artist 	 Album
Abbey Lincoln	Abbey Is Blue
Abdullah Ibrahim	Africa - Tears And Laughter
Abdullah Ibrahim	Blues For A Hip King
Akio Sasajima	Humpty Dumpty
Al Cohn	Al Cohn  Quintet Featuring Bob Brookmeyer
Al Cohn	Andy Kirk - A Mellow Bit Of Rhythm
Al Cohn	Bob Brookmeyer Feat Al Cohn
Al Cohn	Cohn On The Saxophone
Al Cohn	Freddie Greeen - Mr Rhythm
Al Cohn	Lester Young'S Disciples
Al Cohn	Modern Jazz Festival
Al Cohn	Mr Music
Al Cohn	The Jazz Workshop - Four Brass, One Tenor
Al Cohn	Winners' Circle
Al Cohn And Zoot Sims	Al And Zoot
Al Cohn And Zoot Sims	Body And Soul
Al Cohn And Zoot Sims	Easy As Pie, Live At The Left Bank
Al Cohn And Zoot Sims	From A To Z
Al Cohn And Zoot Sims	You 'N' Me
Al Haig	Expressly Ellington
Al Haig	Jazz Will-O-The-Wisp
Alan Barnes And David Newton	Like Minds
Alan Barnes And Scott Hamilton	Zootcase
Alan Dean'S Beboppers	Bebop In Britain - The Pace Setters
Alec And John Dankworth Generation Big Band	Rhythm Changes
Alex Eberhard Trio	Pelican Rising
Allen Eager	Lester Young'S Disciples
Allen Eager With The Be-Bop Boys	Bebop Spoken Here - Disc 2 (Confirmation)
Allison Neale	Allison Neale & Gary Kavanagh - Blue Concept
Allison Neale	Allison Neale - I Wished On The Moon
Andre Previn, Gerry Mulligan, Carmen Mcrae	The Subterraneans
Andy Hamilton & The Blue Notes	Silvershine
Anita O'Day	An Evening With Anita O'Day
Anita O'Day	Anita
Anita O'Day	Anita O'Day And Billy May Swing Rodgers And Hart
Anita O'Day	Anita O'Day Swings Cole Porter
Anita O'Day	Anita Sings The Winners
Anita O'Day	Anita Swings The Most
Anita O'Day	Bebop Spoken Here - Disc 2 (Confirmation)
Anita O'Day	Pick Yourself Up With Anita O'Day
Anita O'Day	The Lady Is A Tramp
Anita O'Day	This Is Anita
Anita O'Day	Trav'In' Light
Anita O'Day	Waiter, Make Mine Blues
Annie Ross	A Gasser - With Zoot Sims
Annie Ross	Annie By Candlelight
Annie Ross	Gypsy
Annie Ross	King Pleasure Sings_Annie Ross Sings
Annie Ross	Lambert Hendricks And Ross Sing A Song Of Basie
Annie Ross	Nocturne For Vocalist
Annie Ross	Singin' And Swingin'
Annie Ross	Sings With Mulligan
Annie Ross	Tony Crombie And His Orchestra
Archie Shepp	Archie Shepp & The New York Contemporary Five
Archie Shepp	Looking At Bird
Archie Shepp	Lover Man
Arne DomnéRus	Jump For Joy
Art Blakey	Les Liaisons Dangereuses
Art Blakey	Like Someone In Love
Art Blakey	Paris Jam Session
Art Blakey And The Jazz Messengers	A Night In Tunisia
Art Blakey And The Jazz Messengers	Buhaina'S Delight
Art Blakey And The Jazz Messengers	Caravan
Art Blakey And The Jazz Messengers	For Minors Only
Art Blakey And The Jazz Messengers	Free For All
Art Blakey And The Jazz Messengers	Indestructible
Art Blakey And The Jazz Messengers	Jazz Messengers
Art Blakey And The Jazz Messengers	Live At Montreux And Northsea
Art Blakey And The Jazz Messengers	Live In Stockholm 1959
Art Blakey And The Jazz Messengers	Moanin'
Art Blakey And The Jazz Messengers	Night In Tunisia
Art Blakey And The Jazz Messengers	Paris Jazz Concert · Cd 1
Art Blakey And The Jazz Messengers	Ritual
Art Blakey And The Jazz Messengers	Roots & Herbs
Art Blakey And The Jazz Messengers	The Big Beat
Art Blakey And The Jazz Messengers	The Freedom Rider
Art Blakey And The Jazz Messengers	The Hard Bop Academy
Art Blakey And The Jazz Messengers	The Witch Doctor
Art Blakey And The Jazz Messengers	With Thelonious Monk
Art Blakey And The Jazz Messengers	Works Of Art
Art Blakey Quartet	A Jazz Message (Remastered)
Art Blakey Quintet	A Night At Birdland - Vol. 1
Art Blakey Quintet	A Night At Birdland, Vol. 2
Art Blakey'S Messengers	Bebop Spoken Here - How High The Moon
Art Blakey, James Moody	New Sounds
Art Farmer	Art Farmer & Benny Golson - Meet The Jazztet
Art Farmer	Art Farmer & Benny Golson Jazztet - Here And Now
Art Farmer	Art Farmer & Donald Byrd - 2 Trumpets
Art Farmer	Art Farmer & Jim Hall Quartet - Complete Live Recordings
Art Farmer	Early Art
Art Farmer	Farmer'S Market
Art Farmer	Interaction
Art Farmer	Listen To Art Farmer And The Orchestra
Art Farmer	Live At The Half-Note
Art Farmer	Meets Muligan And Hall
Art Farmer	Modern Art
Art Farmer	Portrait Of Art Farmer
Art Farmer	Sing Me Softly Of The Blues
Art Farmer	When Farmer Met Gryce
Art Pepper	1957 - Two Altos (1992) Flac
Art Pepper	Art Pepper - The Complete Galaxy Recordings
Art Pepper	Arthur'S Blues
Art Pepper	Complete Lighthouse Sessions
Art Pepper	Gettin Together
Art Pepper	Intensity
Art Pepper	Meets The Rhythm Section
Art Pepper	Modern Art
Art Pepper	Mucha Calor
Art Pepper	Plus Eleven - Modern Jazz Classics
Art Pepper	Rehearsal Session And More
Art Pepper	Renaissance
Art Pepper	Roadwaltz
Art Pepper	Smack Up
Art Pepper	Surf Ride
Art Pepper	The 1975 Garden State Jam Sessions
Art Pepper	The Art Pepper Quartet
Art Pepper	The Discovery Sessions
Art Pepper	The Return Of Art Pepper
Art Pepper	The Trip
Art Pepper	The Way It Was!
Art Pepper	Unreleased Art Vol. I, Abashiri
Art Pepper	Unreleased Art Vol. I, Abashiri
Art Pepper	Unreleased Art Vol. I, Abashiri
Art Pepper	Unreleased Art Vol. Ii The Last Concert May 30, 1982 - Kool Jazz Festival
Art Pepper	Unreleased Art Vol. Iii, The Croydon Concert
Art Pepper	Unreleased Art Vol. Iii, The Croydon Concert
Art Pepper	Unreleased Art Vol. Iii, The Croydon Concert
Art Pepper	Unreleased Art Vol. Iv, The Art History Project
Art Pepper	Unreleased Art Vol. Iv, The Art History Project
Art Pepper	Unreleased Art Vol. Iv, The Art History Project
Art Pepper	Unreleased Art Vol. Iv, The Art History Project
Art Pepper	Unreleased Art Vol. V, Stuttgart
Art Pepper	Unreleased Art Vol. V, Stuttgart
Art Pepper	Unreleased Art Vol. V, Stuttgart
Art Pepper	Unreleased Art Vol. Vi, Blues For The Fisherman
Art Pepper	Unreleased Art Vol. Vi, Blues For The Fisherman
Art Pepper	Unreleased Art Vol. Vi, Blues For The Fisherman
Art Pepper	Unreleased Art Vol. Vi, Blues For The Fisherman
Art Pepper	Unreleased Art Vol. Vi, Blues For The Fisherman
Art Pepper	Unreleased Art Vol. Vii, Osaka
Art Pepper	Unreleased Art Vol. Vii, Osaka
Art Pepper	Unreleased Art Vol. Vii, Osaka
Art Pepper	Unreleased Art Vol. Viii, Live At The Winery
Art Pepper & Ted Brown Feat. Warne Marsh	The Complete Freewheeling Sessions
Art Pepper - Zoot Sims	Art 'N' Zoot
Art Pepper Quartet	California Cool. Blue Note West Coast Jazz Sampler
Art Pepper With Shorty Rogers Nine	California Cool. Blue Note West Coast Jazz Sampler
Art Tatum	Art Tatum Ben Webster Quartet
Art Tatum	Complete Brunswick & Decca Recordings 1932 - 1941
Art Tatum	Complete Decca And Brunswick Recordings 1932 - 1941 Cd1
Art Tatum	Complete Decca And Brunswick Recordings 1932 - 1941 Cd2
Art Tatum	The Genius Of Keyboard
Arthur Blythe	Basic Blythe
Artie Shaw	The Last Recordings Rare And Unreleased, Vol I
Artie Shaw	The Last Recordings, Rare And Unreleased, Vol. Ii
Bab'S Three Bips And A Bop	Bebop Spoken Here - Disc 2 (Confirmation)
Babs Gonzales & His Orchestra	Bebop Spoken Here_ Tempus Fugit
Barney Kessel	Barney Kessel Plays Standards
Barney Kessel	Easy Like
Barney Kessel	Music To Listen To Barney Kessel By
Barney Kessel	Original Jazz Classics Collection
Barney Kessel	The Poll Winners_ Barney Kessel With Shelly Manne And Ray Brown
Barney Kessel	To Swing Or Not To Swing
Barney Kessel, Shelly Manne & Ray Brown	Poll Winners Three!
Ben Clatworthy	Live
Ben Clatworthy	Tercet
Ben Webster	Ben & Teddy
Benny Bailey	For Heaven'S Sake
Benny Carter	Aspects
Benny Carter	Jazz Giant
Benny Carter, Charlie Parker, Ben Webster, Johnny Hodges, Flip Phillips	Super Session
Benny Golson	Gone With Golson
Benny Goodman	The Famous 1938 Carnegie Hall Jazz Concert
Benny Goodman	The Famous 1938 Carnegie Hall Jazz Concert, Disc 2
Benny Goodman & His Orchestra	Bebop Spoken Here_ Tempus Fugit
Benny Goodman Septet	Bebop Spoken Here - How High The Moon
Benny Goodman Septet	Bebop Spoken Here_ Tempus Fugit
Bernie Mcgann	Blues For Pablo Too
Bernie Mcgann	Bundeena
Bernie Mcgann	Double Dutch
Bernie Mcgann	Kindred Spirits
Bernie Mcgann	Live At Side On
Bernie Mcgann	Mcgann
Bernie Mcgann	Playground
Bernie Mcgann	Solar
Bernie Mcgann	Ugly Beauty
Bernie Mcgann	Wending
Bernie Mcgann	Wending
Bernie Mcgann	Wending
Bill Coleman	Bill Coleman Meets Guy Lafitte
Bill Evans	Bill Evans At Town Hall
Bill Evans	Blue In Green
Bill Evans	Everybody Digs Bill Evans
Bill Evans	New Jazz Conceptions
Bill Evans & Jim Hall	Undercurrent (Remaster)
Bill Evans And Jim Hall	Undercurrent
Bill Evans And Lee Konitz	Together Again
Bill Evans Trio	Portrait In Jazz
Bill Evans Trio	Sunday At The Village Vanguard
Bill Perkins	Lester Young'S Disciples
Bill Perkins & Richie Kamuca	Tenors Head On
Billie Holiday	Don´T Explain
Billie Holiday	Long Gone Holiday
Billie Holiday	The Legend Of Billie Holliday
Billie Holiday And Lester Young	Complete Billie Holiday Lester Young 1937-1946
Billy Eckstine & Orchestra	Bebop Spoken Here - Disc 1 (Disorder At The Border)
Billy May Orchestra	California Cool. Blue Note West Coast Jazz Sampler
Blakey, Art & The Jazz Messengers	Olympia 13.05.1961 (Paris Jazz Concert Highlights)
Blue Mitchell	A Sure Thing
Blue Mitchell	Blue Soul
Blue Mitchell	Blue'S Moods
Blue Mitchell	Boss Horn
Blue Mitchell	Smooth As The Wind
Blue Mitchell	The Cup Bearers
Blue Mitchell	The Thing To Do
Bluesianatriangle	Bluesianatriangle
Bob Brookmeyer & Bill Evans	The Ivory Hunters
Bob Cooper	Lester Young'S Disciples
Bob Gordon With Jack Montrose	California Cool. Blue Note West Coast Jazz Sampler
Bobby Jaspar	Lester Young'S Disciples
Bobby Troup	California Cool. Blue Note West Coast Jazz Sampler
Bobby Wellins	Bbc Radio Broadcasts
Bobby Wellins	Birds Of Brazil
Bobby Wellins	Don'T Worry 'Bout Me
Bobby Wellins	Dreams Are Free
Bobby Wellins	Fun
Bobby Wellins	Live At The Lemon Tree 1999
Bobby Wellins	Live Jubilation
Bobby Wellins	Making Light Work
Bobby Wellins	Nomad
Bobby Wellins	Radio Sessions Vol 1
Bobby Wellins	Radio Sessions Vol 2
Bobby Wellins	Satin Album
Bobby Wellins	Snapshot
Bobby Wellins	The Best Is Yet To Come
Bobby Wellins	When The Sun Comes Out
Bobby Wellins - Stan Tracey	New Departures Quartet
Bobby Wellins; Claire Martin	606 Charity Concert
Booker Ervin	Booker 'N' Brass
Booker Ervin	Sounds Of The Inner City
Booker Ervin	Structurally Sound
Booker Ervin	That'S It
Booker Ervin	The Blues Book
Booker Ervin	The Book Cooks
Booker Ervin	The Song Book
Booker Ervin	The Space Book
Boyd Raeburn & Orchestra	Bebop Spoken Here - Disc 1 (Disorder At The Border)
Brad Mehldau	Introducing Brad Mehldau
Brandnew World	Lover Man
Branford Marsalis	Eternal
Branford Marsalis	Footsteps Of Our Fathers
Branford Marsalis	The Beautyful Ones Are Not Yet Born
Branford Marsalis Quartet With Kurt Elling	Upward Spiral
Brew Moore	Bebop Spoken Here - How High The Moon
Brew Moore	Lester Young'S Disciples
Brew Moore	Svinget 14
Brew Moore	The Kerouac Connection (Disc 1)
Brew Moore	The Kerouac Connection (Disc 2)
Brew Moore	Zonky
Brian Kellock	Live  At Henry'S
Buck Clayton	Buck Clayton Meets Joe Turner
Bud Powell	Autumn Sessions
Bud Powell	Bebop Spoken Here_ Tempus Fugit
Bud Powell	Bud Powell In Paris
Bud Powell	Salt Peanuts
Bud Powell	The Complete Blue Note And Roost Recordings Disc 1
Bud Powell Trio	Bebop Spoken Here - Disc 2 (Confirmation)
Bud Powell'S Modernists	Bebop Spoken Here_ Tempus Fugit
Bud Shank	California Cool. Blue Note West Coast Jazz Sampler
Bud Shank	I'Ll Take Romance
Bud Shank	Plays Tenor
Bud Shank	Quartet, Feat. Claude Williamson
Bud Shank	The Pacific Jazz Bud Shank Studio Sessions (1956-61)
Bud Shank	The Pacific Jazz Bud Shank Studio Sessions (1956-61)
Bud Shank	The Pacific Jazz Bud Shank Studio Sessions (1956-61)
Bud Shank	The Pacific Jazz Bud Shank Studio Sessions (1956-61)
Bud Shank	The Pacific Jazz Bud Shank Studio Sessions (1956-61)
Bud Shank	The Pacific Jazz Bud Shank Studio Sessions (1956-61)
Bud Shank	The Pacific Jazz Bud Shank Studio Sessions (1956-61)
Bud Shank	The Swing'S To Tv
Bud Shank	This Bud'S For You
Budd Johnson	Lester Young'S Disciples
Buddy Featherstonehaugh	Buddy Featherstonhaugh
Buddy Featherstonehaugh	Buddy Featherstonhaugh'S New Quintet
Buddy Rich	Keep The Customer Satisfied
Buddy Rich	Lionel Hampton Presents Buddy Rich
Buddy Rich	Mercy, Mercy
Buddy Rich	No Funny Hats
Buddy Rich	The Roar Of '74
Buddy Rich	This One'S For Basie
Buddy Tate & Al Grey	Just Jazz
Buddy Tate; Humphrey Lyttelton	Swinging Scorpio
Cannonball Adderley	At The Lighthouse
Cannonball Adderley	Cannonball Takes Charge
Cannonball Adderley	In New York
Cannonball Adderley	Jazz At The Philharmonic
Cannonball Adderley	Jazz Workshop Revisited
Cannonball Adderley	Know What I Mean
Cannonball Adderley	Mercy, Mercy, Mercy! Live At 'The Club'
Cannonball Adderley	Radio Nights
Cannonball Adderley	Salle Pleyel 1960 & Olympia 1961
Cannonball Adderley	Salle Pleyel 1969
Cannonball Adderley	Somethin' Else
Cannonball Adderley	The Black Messiah
Cannonball Adderley	The Black Messiah
Cannonball Adderley	Top Jazz Sarpe
Carmen Mcrae	Miss Jazz
Carol Kidd	Nice Work
Cecil Payne	Patterns Of Jazz
Cecil Payne	Performing Charlie Parker Music
Cecil Payne	The Connection (New Original Score)
Cecil Payne	The Randy Weston Trio Plus Cecil Payne
Charles Mingus	At Antibes
Charles Mingus	At Antibes
Charles Mingus	Blues & Roots
Charles Mingus	Changes One
Charles Mingus	Changes Two
Charles Mingus	Charles Mingus - Mingus Moves (1973) [Eac-Flac]
Charles Mingus	Charles Mingus - Mingus Moves (1973) [Eac-Flac]
Charles Mingus	Charles Mingus Presents Charles Mingus
Charles Mingus	Charles Mingus Presents Charles Mingus
Charles Mingus	Complete Candid Recordings Of Charles Mingus
Charles Mingus	Cornell 1964
Charles Mingus	Cornell 1964
Charles Mingus	Cornell 1964
Charles Mingus	Debut Rarities Volume 1
Charles Mingus	Debuts Rarities Vol. 4
Charles Mingus	East Coasting
Charles Mingus	Fables Of Faubus
Charles Mingus	Final Work
Charles Mingus	Good Bye Pork Pie Hat
Charles Mingus	In Your Soul
Charles Mingus	Jazz Composers Workshop
Charles Mingus	Jazz Portraits
Charles Mingus	Jazzical Moods
Charles Mingus	Let My Children Hear Music
Charles Mingus	Mingus Ah Um
Charles Mingus	Mingus At Carnegie Hall
Charles Mingus	Mingus At The Bohemia
Charles Mingus	Mingus Dynasty
Charles Mingus	Mingus In Wonderland
Charles Mingus	Mingus Mingus Mingus Mingus Mingus
Charles Mingus	Mingus Plays Piano
Charles Mingus	Mingus Revisited
Charles Mingus	Mingus Three
Charles Mingus	Oh Yeah
Charles Mingus	Original Faubus Fables
Charles Mingus	Original Faubus Fables
Charles Mingus	Pithecanthropus Erectus
Charles Mingus	Reincarnation Of A Love Bird
Charles Mingus	Shoes Of The Fisherman'S Wife
Charles Mingus	The Black Saint And The Sinner Lady
Charles Mingus	The Charles Mingus Quintet + Max Roach
Charles Mingus	The Clown
Charles Mingus	The Complete 1960 Nat Hentoff Sessions (Disc 1)
Charles Mingus	The Complete 1960 Nat Hentoff Sessions (Disc 2)
Charles Mingus	The Complete 1960 Nat Hentoff Sessions (Disc 3)
Charles Mingus	The Complete Candid Recordings Of Charles Mingus
Charles Mingus	The Complete Candid Recordings Of Charles Mingus
Charles Mingus	The Complete Candid Recordings Of Charles Mingus
Charles Mingus	The Complete Candid Recordings Of Charles Mingus
Charles Mingus	The Complete Town Hall Concert
Charles Mingus	Three Or Four Shades Of Blues
Charles Mingus	Tijuana Moods (The Complete Edition)
Charles Mingus	Tijuana Moods (The Complete Edition)
Charles Mingus	Tijuana Moods (The Complete Edition)
Charles Mingus	Tonight At Noon
Charles Mingus & Eric Dolphy	Jazz Festival, Antibes, July 13, 1960
Charlie Barnet  & Orchestra	Bebop Spoken Here - Disc 1 (Disorder At The Border)
Charlie Barnet & His Orchestra	Bebop Spoken Here_ Tempus Fugit
Charlie Christian	Swing To Bop
Charlie Parker	'Round Midnight
Charlie Parker	At Birdland And Cafe Society
Charlie Parker	Bird & Diz
Charlie Parker	Bird And Fats - Live At Birdland 1950
Charlie Parker	Bird At Birdland
Charlie Parker	Bird At Birdland
Charlie Parker	Bird At Birdland
Charlie Parker	Bird At Birdland
Charlie Parker	Bird At Birdland
Charlie Parker	Bird At St. Nick'S
Charlie Parker	Bird'S Eyes - Vol. 07
Charlie Parker	Charlie Parker All-Stars
Charlie Parker	Charlie Parker All-Stars
Charlie Parker	Charlie Parker Complete Verve 1947-1954
Charlie Parker	Charlie Parker Complete Verve 1947-1954
Charlie Parker	Charlie Parker Complete Verve 1947-1954
Charlie Parker	Charlie Parker Complete Verve 1947-1954
Charlie Parker	Charlie Parker On Clef
Charlie Parker	Charlie Parker On Verve
Charlie Parker	Charlie Parker Quintet
Charlie Parker	Charlie Parker Quintet
Charlie Parker	Charlie Parker Septet
Charlie Parker	Charlie Parker Septet
Charlie Parker	Charlie Parker With Strings Master Takes
Charlie Parker	Charlie Parker'S Reboppers
Charlie Parker	Charlie Parker'S Reboppers
Charlie Parker	Charlie Parker, Clifford Brown, Phil Woods
Charlie Parker	Charlie Parker, Clifford Brown, Phil Woods
Charlie Parker	Chasin' The Bird
Charlie Parker	Complete Live At Café  Society
Charlie Parker	Greatest Verve Bop Quintets
Charlie Parker	Jumpin' At The Roost (1948-1949)
Charlie Parker	Masters
Charlie Parker	Masterworks 1946-1947
Charlie Parker	Newly Discovered Sides By The Immortal
Charlie Parker	The Complete Live Performances On Savoy - Cd1
Charlie Parker	The Complete Live Performances On Savoy - Cd2
Charlie Parker	The Complete Live Performances On Savoy - Cd3
Charlie Parker	The Complete Live Performances On Savoy - Cd4
Charlie Parker	The Complete Savoy Sessions - Cd1
Charlie Parker	The Complete Savoy Sessions - Cd2
Charlie Parker	The Complete Savoy Sessions - Cd3
Charlie Parker	The Complete Savoy Sessions - Cd4
Charlie Parker	The Essential Charlie Parker
Charlie Parker	The Gold Collection
Charlie Parker	The Washington Concerts
Charlie Ventura	Bebop Spoken Here_ Tempus Fugit
Charlie Watts Orchestra	Live At Fulham Town Hall
Charlie Watts Quintet	A Tribute To Charlie Parker
Charlie Watts Tentet	Live At Ronnie Scotts Cd1
Charlie Watts Tentet	Live At Ronnie Scotts Cd2
Chas Burchell	Unsung Hero - The Undiscovered Genius Of
Chet Baker	Chet Baker Introduces Johnny Pace
Chet Baker	Grey December
Chet Baker	In New York
Chet Baker	Jazz At Ann Arbor
Chet Baker	Montmartre June 1980
Chet Baker	Once Upon A Summertime
Chet Baker	Plays The Best Of Lerner & Loewe
Chet Baker	Somewhere Over The Rainbow
Chet Baker	The Complete Holland 1955 Concerts
Chet Baker	The Italian Sessions
Chet Baker & Art Pepper	Playboys
Chet Baker & Art Pepper	The Route
Chet Baker And Charlie Parker	Complete Jam Sessions
Chet Baker Quartet	California Cool. Blue Note West Coast Jazz Sampler
Chet Baker With Bud Shank Orchestra	California Cool. Blue Note West Coast Jazz Sampler
Chick Corea	Akoustic Band - Alive
Chick Corea	Now He Sings, Now He Sobs
Chico Freeman	Spirit Sensitive
Chico Hamilton	3 Classic Albums Cd2
Chico Hamilton	Chico Hamilton Quintet In Hifi
Chico Hamilton	Chico Hamilton Trio
Chico Hamilton	The Chico Hamilton Quintet
Chico Hamilton	The Chico Hamilton Quintet Feat Buddy Collette
Chico Hamilton Quintet	California Cool. Blue Note West Coast Jazz Sampler
Claes Crona Trio	Three Tenors
Claire Martin	Off Beat
Claire Martin	Old Boyfriends
Claire Martin	The Waiting Game
Clark Terry	In Orbit - With Theloniuos Monk
Clark Terry	Out On A Limb With
Clark Terry	Paris
Clark Terry; Paul Gonsalves	Daylight Express
Clark Tracey	Full Speed Sideways
Clarke Boland Big Band	En Concert Avec Europe 1 (29 Octobre 1969)
Clarke Boland Big Band	Tnp - Oct. 29Th, 1969 (Cd2)
Claude Thornhill	Best Of The Big Bands
Claude Thornhill & His Orchestra	Bebop Spoken Here - Disc 2 (Confirmation)
Claude Thornhill & His Orchestra	Bebop Spoken Here - How High The Moon
Clifford Brown	Brownie - The Complete Emarcy Recordings Of Clifford Brown
Clifford Brown	Brownie - The Complete Emarcy Recordings Of Clifford Brown
Clifford Brown	Brownie - The Complete Emarcy Recordings Of Clifford Brown
Clifford Brown	Brownie - The Complete Emarcy Recordings Of Clifford Brown
Clifford Brown	Brownie - The Complete Emarcy Recordings Of Clifford Brown
Clifford Brown	Brownie - The Complete Emarcy Recordings Of Clifford Brown
Clifford Brown	Brownie - The Complete Emarcy Recordings Of Clifford Brown
Clifford Brown	Brownie - The Complete Emarcy Recordings Of Clifford Brown
Clifford Brown	Brownie - The Complete Emarcy Recordings Of Clifford Brown
Clifford Brown	Brownie - The Complete Emarcy Recordings Of Clifford Brown
Clifford Brown	Brownie - The Complete Emarcy Recordings Of Clifford Brown
Clifford Brown	Brownie - The Complete Emarcy Recordings Of Clifford Brown
Clifford Brown	Brownie Eyes
Clifford Brown	Clifford Brown Jazz Immortal
Clifford Brown	Complete Blue Note And Pacific Jazz Recordings
Clifford Brown	Memorial Album
Clifford Brown	The Clifford Brown Sextet In Paris
Clifford Brown	With Gigi Gryce
Clifford Jordan	Cliff Craft
Clifford Jordan	Cliff Jordan
Clifford Jordan	Night Of The Mark Vii
Clifford Jordan	Spellbound
Clifford Jordan	Starting Time
Clifford Jordan & John Gilmore	Blowing In From Chicago
Coleman Hawkins	At Ease With Coleman Hawkins
Coleman Hawkins	Body & Soul
Coleman Hawkins	Hawk Eyes
Coleman Hawkins	The Bebop Years
Coleman Hawkins	The Bebop Years - Disc 3 (Cattin' At The Keynote)
Coleman Hawkins	The Bebop Years - Disc 4 (Picasso)
Coleman Hawkins	The Bebop Years Catttin' At Keynote
Coleman Hawkins	The Genius Of Coleman Hawkins
Coleman Hawkins & Ben Webster	Coleman Hawkins Encounters Ben Webster
Coleman Hawkins & Orchestra	Bebop Spoken Here - Disc 1 (Disorder At The Border)
Coleman Ornette	Dedication To Poet And Writers
Conte Candoli And Lou Levy	West Coast Wailers
Count Basie	Basie One More Time
Count Basie	Count Basie And His Orchestra_ 1936-1938
Count Basie	Count Basie At Newport
Count Basie	The Complete Atomic Basie
Count Basie	The Jazz Collector Edition
Count Basie Orchestra	E=Mc2 A.K.A. The Atomic Basie
Cubana Bop	Can'T Stop Now
Curtis Amy With Dupree Bolton	California Cool. Blue Note West Coast Jazz Sampler
Curtis Counce Quintet	Explring The Future
Curtis Fuller	New Trombone
Danny Moss -  Roy Williams	Steam Power
Dave Brubeck	Jazz Goes To College
Dave Brubeck	Time Out
Dave Cliff	Sipping At Bells
Dave Green Trio	Live At The Blue Lamp 09_Mar_06
Dave O'Higgins	Under The Stone
Dave O'Higgins & Eric Alexander	Sketchbook
David Fathead Newman	The Sound Of The Wide Open Spaces
David Fathead Newman	Under A Woodstock Moon
David Janeway	Inside Out
Deborah Brown	Jazz4Jazz
Dexter Gordon	A Swingin' Affair
Dexter Gordon	Blows Hot And Cool
Dexter Gordon	Body And Soul
Dexter Gordon	Both Sides Of Mignight
Dexter Gordon	Charlie Parker Memorial Concert
Dexter Gordon	Complete Savoy & Dial Master Takes
Dexter Gordon	Dexter Calling
Dexter Gordon	Doin' Allright
Dexter Gordon	Go
Dexter Gordon	L.T.D. Live At The Left Bank
Dexter Gordon	Lester Young'S Disciples
Dexter Gordon	Live At The Amsterdam Paradiso
Dexter Gordon	Misty
Dexter Gordon	One Flight Up
Dexter Gordon	Our Man In Paris
Dexter Gordon	The Complete Blue Note Sixties Sessions
Dexter Gordon	The Resurgence Of Dexter Gordon
Dexter Gordon	The Squirrel
Dexter Gordon	Xxl _ Live At The Left Bank
Dexter Gordon & His Boys	Bebop Spoken Here - How High The Moon
Dexter Gordon & Slide Hampton	A Day In Copenhagen
Dexter Gordon & Teddy Edwards	Bebop Spoken Here - How High The Moon
Dexter Gordon - Wardell Gray	Bebop Spoken Here - Disc 2 (Confirmation)
Dexter Gordon - Wardell Gray	Citizens Bop
Dexter Gordon - Wardell Gray	Jazz West Coast Live - Hollywood Jazz, Vol.1
Dexter Gordon - Wardell Gray	Jazz West Coast Live - Hollywood Jazz, Vol.1
Dexter Gordon - Wardell Gray	The Chase And The Steeplechase
Dexter Gordon Quintet	Bebop Spoken Here - How High The Moon
Dick Griffin	Now Is The Time
Dick Hafer	Lester Young'S Disciples
Dick Morrisey	Here And Now And Sounding Good
Dick Morrisey	It'S Morrissey, Man!
Dick Morrisey	Storm Warning
Dizzy Gillespie	All Star Sessions Cd2
Dizzy Gillespie	Bebop Spoken Here - Disc 1 (Disorder At The Border)
Dizzy Gillespie	Bebop Spoken Here - Disc 2 (Confirmation)
Dizzy Gillespie	Cognac Blues
Dizzy Gillespie	Dizzy Gillespie - World Statesman
Dizzy Gillespie	Dizzy Gillespie And Strings
Dizzy Gillespie	Dizzy Gillespie At Newport
Dizzy Gillespie	Dizzy Gillespie With Sonny Rollins And Sonny Stitt - Duets
Dizzy Gillespie	Dizzy Gillespie With Stuff Smith
Dizzy Gillespie	Gene Norman Presents - Dizzy Gillespie And His Orchestra
Dizzy Gillespie	Sittin' In With Dizzy Gillespie, Stan Getz, Coleman Hawkins And Paul Gonsalves
Dizzy Gillespie	Tour De Force
Dizzy Gillespie & His All Star Quintet	Bebop Spoken Here - Disc 1 (Disorder At The Border)
Dizzy Gillespie & His Orchestra	Bebop Spoken Here - Disc 1 (Disorder At The Border)
Dizzy Gillespie & His Orchestra	Bebop Spoken Here - Disc 2 (Confirmation)
Dizzy Gillespie & His Orchestra	Bebop Spoken Here - How High The Moon
Dizzy Gillespie & Stan Getz	Diz And Getz
Dizzy Gillespie All Stars	Bebop Spoken Here - Disc 1 (Disorder At The Border)
Dizzy Gillespie Septet	Bebop Spoken Here - Disc 1 (Disorder At The Border)
Dizzy Gillespie Sextet	Bebop Spoken Here - Disc 1 (Disorder At The Border)
Dizzy Gillespie, Sonny Rollins & Sonny Stitt	Sonny Side Up
Dodo Marmarosa	Bebop Spoken Here - Disc 2 (Confirmation)
Dollar Brand	Abdullah Ibrahim _ South African Sunshine
Dollar Brand	Pre Abdullah Ibrahim
Dollar Brand	Round Midnight At The Montmartre
Don Byas	32 Don Byas Cd1 New York (1941-1946)
Don Byas	32 Don Byas Cd2 Paris (1947-1954)
Don Byas	Walkin
Don Grolnick	Complete Blue Note Recordings - A Weaver Of Dreams
Don Grolnick	Heart Of Darkness
Don Lanphere	Lester Young'S Disciples
Don Menza	Live At Carmelo'S
Don Rendell	Jazz Six Playtime
Don Thompson	For Kenny Wheeler
Don Weller Spring Quartet	Commit No Nuisance
Donald Byrd	A New Perspective
Donald Byrd	At The Half Note Cafe Volume 2 (Remaster)
Donald Byrd	Byrd In Flight
Donald Byrd	Byrd In Hand
Donald Byrd	Byrd In Paris Vol 1
Donald Byrd	Byrd'S Word
Donald Byrd	Free Form
Donald Byrd	Fuego
Donald Byrd	Long Green
Donald Byrd	Motor City Scene
Donald Byrd	Off To The Races
Donald Byrd	Royal Flush
Donald Byrd	The Cat Walk
Donald Byrd - Pepper Adams	In A Soulful Mood
Donald Byrd And Gigi Gryce	The Complete Jazz Lab Sessions - Cd1
Donald Byrd And Gigi Gryce	The Complete Jazz Lab Sessions - Cd2
Donald Byrd And Gigi Gryce	The Complete Jazz Lab Sessions - Cd3
Donald Byrd And Gigi Gryce	The Complete Jazz Lab Sessions - Cd4
Donald Byrd Pepper Adams Quintet Feat. Herbie Hancock	Touchstone
Donald Byrd Quintet	Parisian Thoroughfare [Jazz In Paris 05]
Duke Ellington	Concert In The Virgin Islands
Duke Ellington	Ellington Uptown
Duke Ellington	Essential
Duke Ellington	Great Original Performances
Duke Ellington	The Afro-Eurasian Eclipse
Duke Ellington	The Minor Goes Muggin'
Duke Ellington	Top Jazz
Duke Ellington	Vol. 046 - Duke Ellington And His Famous Orchestra - 1932-1941
Duke Ellington	With A Touch Of Class (Disc 1)
Duke Ellington	With A Touch Of Class (Disc 2)
Duke Ellington & John Coltrane	Duke Ellington & John Coltrane
Duke Ellington And Johnny Hodges	Side By Side
Duke Ellington, Charles Mingus, & Max Roach	Money Jungle
Duke Jordan	Flight To Jordan
Duke Pearson	Prairie Dog
Duke Pearson	The Right Touch
Eddie 'Lockjaw' Davis	Afro-Jaws
Eddie 'Lockjaw' Davis	All Of Me
Eddie 'Lockjaw' Davis	Bacalao
Eddie 'Lockjaw' Davis	Cookbook, Vol. 1
Eddie 'Lockjaw' Davis	Jaws Strikes Again
Eddie 'Lockjaw' Davis	Jazz At The Philharmonic
Eddie 'Lockjaw' Davis	Simply Sweets
Eddie 'Lockjaw' Davis	Smokin'
Eddie 'Lockjaw' Davis	Sweets And Jaws
Eddie 'Lockjaw' Davis	Swingin' Till The Girls Come Home
Eddie 'Lockjaw' Davis	The Complete Cookbook Sessions
Eddie 'Lockjaw' Davis	The Heavy Hitter
Eddie 'Lockjaw' Davis	Very Saxy
Eddie Costa	Guys And Dolls Like Vibes
Eddie Daniels	To Bird With Love
Eddie Daniels And Gary Burton	Benny Rides Again
Eddie Harris	The Electrifying Eddie Harris _ Plug Me In
Eddie Jefferson	Charlie Parker Memorial Concert
Eddie Jefferson	Vocal Ease
Eddie Lockjaw Davis And Johhny Griffin	The Complete Sessions
Eddie Parker	Transformations Of The Lamp
Eddie _Cleanhead_ Vinson	Bosses Of The Blues (Vol. 2)
Egil Kapstad	Epilog_ Elegy For Bill Evans
Eirc Dolphy And Ken Mcintyre	Out There -Lookin' Ahead
Ella Fitzgerald	Bebop Spoken Here - Disc 2 (Confirmation)
Ella Fitzgerald	Bebop Spoken Here_ Tempus Fugit
Ella Fitzgerald	Ken Burns Jazz
Ella Fitzgerald	Live In Stockholm 1957
Ella Fitzgerald	The Complete Recordings 1935-1937 - Cd1
Elmo Hope	Here'S Hope
Elmo Hope	High Hope
Elmo Hope	Hope Meets Foster
Elmo Hope	Informal Jazz
Elmo Hope	Meditations
Elmo Hope	Trio And Quintet
Elmore James	The Master Of The Slide Guitar
Elvin Jones And Jimmy Garrison	Illumination
Eric Alexander	It'S All In The Game
Eric Alexander	Prime Time
Eric Alexander	Revival Of The Fittest
Eric Alexander	Two Of A Kind
Eric Dolphy	Eric Dolphy & Mal Waldron - The Quest
Eric Dolphy	Eric Dolphy & Mal Waldron - The Quest
Eric Dolphy	Eric Dolphy & Oliver Nelson - Straight Ahead
Eric Dolphy	Out To Lunch
Eric Dolphy	The Illinois Concert
Erich Kleinschuster Sextet	Joe Henderson, Carmell Jones, Clifford Jordan
Erich Kleinschuster Sextet	Joe Henderson, Carmell Jones, Clifford Jordan
Erich Kleinschuster Sextet	Joe Henderson, Carmell Jones, Clifford Jordan
Esquire Five	Bebop In Britain - Limbering Up - The First Sessions
Etc & Jerry Bergonzi	Etc Plus One
Fats Navarro	At The Royal Roost
Fats Navarro	Bebop Spoken Here - How High The Moon
Fats Navarro	Double Talk
Fats Navarro	Fats Blows
Fats Navarro	Nostalgia
Fats Navarro	The Bebop Boys
Fats Navarro	The Fats Navarro Story
Fionna Duncan	The Ca Va Session
Flip Phillips	Claw-Live At The Floating Jazz Festival
Flip Phillips	Flip
Flip Phillips	Flip Wails
Flip Phillips	Swinging With Flip
Flip Phillips	The Flip Phillips - Buddy Rich Trio
Fortuna, Pricso And Scattaretico	Scola Tristano
Frank Lowe	Fresh
Frank Minion	The Soft Land Of Make Believe
Frank Morgan And Gigi Gryce	Bird Calls
Frank Roberscheuten	Three Wise Men
Frank Socolow'S Duke Quintet	Bebop Spoken Here - Disc 1 (Disorder At The Border)
Freddie Green - Al Cohn	Natual Rhythm
Freddie Hubbard	A Soul Experiment
Freddie Hubbard	Backlash
Freddie Hubbard	Blue Spirits
Freddie Hubbard	Born To Be Blue
Freddie Hubbard	Breaking Point
Freddie Hubbard	First Light
Freddie Hubbard	Live In Warsaw
Freddie Hubbard	Minor Mishap
Freddie Hubbard	Night Of The Cookers Live At Club La Marchal - Vol 2
Freddie Hubbard	Open Sesame
Freddie Hubbard	Red Clay
Freddie Hubbard	Sing Me A Song Of Songmy
Freddie Hubbard	Straight Life
Freddie Hubbard	The Artistry Of Freddie Hubbard
Freddie Hubbard	The Night Of The Cookers - Live At Club La Marchal
Freddie Redd	Music From The Connection
Gary Burton	A Genuine Tong Funeral
Gene Ammons	A Stranger In Town
Gene Ammons	Angel Eyes
Gene Ammons	Blue Gene
Gene Ammons	Boss Tenor
Gene Ammons	Funky
Gene Ammons	Jug & Dodo
Gene Ammons	Late Hour Special
Gene Ammons	Lester Young'S Disciples
Gene Ammons	Preachin'
Gene Ammons	Soul Summit
Gene Ammons	The Big Sound
Gene Ammons	The Boss Is Back!
Gene Ammons	The Happy Blues
Gene Ammons	Up Tight!
Gene Ammons	Young Jug
Gene Ammons & James Moody	Chicago Concert
Gene Ammons & Sonny Stitt	Boss Tenors
Gene Ammons - Tom Archia	Bebop Spoken Here_ Tempus Fugit
Gene Krupa & His Orchestra	Bebop Spoken Here - Disc 2 (Confirmation)
Geoff Simkins - Dave Cliff Quartet	Lemon Tree Vol 1
Geoff Simkins - Dave Cliff Quartet	Live At Lemon Tree Vol 2
George Auld & Orchestra	Bebop Spoken Here - Disc 1 (Disorder At The Border)
George Benson	Witchcraft
George Cables	Unreleased Art Pepper Vol. 7_ Osaka 11-18-1980 Part 1
George Coleman	Amsterdam After Dark
George Russell And His Orchestra	Jazz In The Space Age
Georgie Fame	20 Beat Classics
Georgie Fame	Live At The Kentish Town Forum, 26Th June 1998 (Cd1)
Georgie Fame	Live At The Kentish Town Forum, 26Th June 1998 (Cd2)
Gerry Mulligan	Americans In  Sweden
Gerry Mulligan	And The Concert Jazz Band - At The Village Vanguard
Gerry Mulligan	And The Concert Jazz Big Band Feat. Zoot Sims - Zurich 1960
Gerry Mulligan	Compact Jazz - Gerry Mulligan
Gerry Mulligan	Lonesome Boulevard
Gerry Mulligan	Meets Johnny Hodges
Gerry Mulligan	My Funny Valentine (Cd )1
Gerry Mulligan	My Funny Valentine (Cd 2)
Gerry Mulligan	Quartet
Gerry Mulligan	Recorded In Boston At Storyville
Gerry Mulligan	Zurich 1962
Gerry Mulligan & Stan Getz	Getz Meets Mulligan In Hi-Fi
Gerry Mulligan Tentette	Birth Of The Cool, Vol. 2
Gerry Mulligan, Shelly Manne	California Cool. Blue Note West Coast Jazz Sampler
Gigi Gryce	Modern Jazz Perspective
Gigi Gryce	Nica'S Tempo
Gigi Gryce	Reminiscin'
Gigi Gryce	Sayin' Something
Gigi Gryce	The Hap'Nin'S
Gigi Gryce	The Rat Race Blues
Gigi Gryce	When Farmer Met Gryce
Gil Evans	Great Jazz Standards
Gil Evans	New Bottle Old Wine
Gil Evans	Where Flamingos Fly
Gil Evans - Laurent Cugny	Big Band Lumiere
Gil Evans - Laurent Cugny	Golden Hair
Gloria Woods With Pete Candoli	California Cool. Blue Note West Coast Jazz Sampler
Gordon Beck, Ron Mathewson, Daniel Humair	Jazz Trio
Grant Green	Ain'T It Funky Now!
Grant Green	Alive!
Grant Green	Am I Blue
Grant Green	Grant Green - The Complete Blue Note Recordings Of Grant Green With Sonny Clark Cd1 (1990) [Eac-Flac]
Grant Green	Grant Green - The Complete Blue Note Recordings Of Grant Green With Sonny Clark Cd2 (1990) [Eac-Flac]
Grant Green	Grant Green - The Complete Blue Note Recordings Of Grant Green With Sonny Clark Cd3 (1990) [Eac-Flac]
Grant Green	Grant Green - The Complete Blue Note Recordings Of Grant Green With Sonny Clark Cd4 (1990) [Eac-Flac]
Grant Green	Grant'S First Stand
Grant Green	Grantstand
Grant Green	Idle Moments
Grant Green	Live At Club Mozambique
Grant Green	Matador
Grant Green	Reaching Out
Grant Green	The Complete Quartet With Sonny Clark
Greg Osby	St. Louis Shoes
Guy Barker	What Love Is
Hampton Hawes	All Night Session! (Volume 1)
Hampton Hawes	Live At The Montmartre
Hampton Hawes	The Trio - Volume 1
Hampton Hawes	The Trio - Volume 2
Hampton Hawes Trio	California Cool. Blue Note West Coast Jazz Sampler
Hank Crawford	Mr. Blues
Hank Mobley	A Caddy For Daddy
Hank Mobley	Dippin'
Hank Mobley	No Room For Squares
Hank Mobley	Peckin' Time
Hank Mobley	Reach Out!
Hank Mobley	Roll Call
Hank Mobley	Soul Station
Hank Mobley	The Complete Blue Note Hank Mobley Fifties Sessions
Hank Mobley	The Complete Blue Note Hank Mobley Fifties Sessions
Hank Mobley	The Complete Blue Note Hank Mobley Fifties Sessions
Hank Mobley	The Complete Blue Note Hank Mobley Fifties Sessions
Hank Mobley	The Complete Blue Note Hank Mobley Fifties Sessions
Hank Mobley	The Complete Blue Note Hank Mobley Fifties Sessions
Hank Mobley	The Complete Blue Note Hank Mobley Fifties Sessions
Hank Mobley	The Complete Blue Note Hank Mobley Fifties Sessions
Hank Mobley	The Jazz Message Of Hank Mobley, Vol. 2
Hank Mobley	The Turnaround
Hank Mobley	Workout
Hank Mobley & Al Cohn & John Coltrane & Zoot Sims	Tenor Conclave
Hans Dulfer	Hans Dulfer Greatest (2-2)
Hans Dulfer	Hans Dulfer Greatest, Disc 1
Harold Land	The Fox
Harold Land	West Coast Blues!
Harold Land & Blue Mitchell Quintet	Mapenzi
Harold Land Quartet	Jazz At The Cellar 1958
Harold Mcnair	Harold Mcnair
Harold Vick	Steppin' Out!
Harry Allen	The Candy Men
Harry James	Embraceable You
Harry Klein	Baritone Sax
Harry Klein	Brash Baritone
Haward Mcghee	Charlie Parker Memorial Concert
Heath Brothers	Marchin' On (1975)
Herb Ellis	After You'Ve Gone
Herb Ellis	Ellis In Wonderland
Herb Ellis	Meets Jimmy Giuffre
Herb Ellis	Nothing But The Blues
Herb Ellis	Thank You Charlie Christian
Herb Geller	The Gellers
Herb Geller	The Herb Geller Sextette
Herb Geller & His Sextet	That Geller Feller
Herb Geller And Wolfgang Kohler	Moon Mist
Herbie Hancock	Empyrean Isles
Herbie Hancock	Fat Albert Rotunda
Herbie Hancock	Future Shock
Herbie Hancock	Head Hunters
Herbie Hancock	Maiden Voyage
Herbie Hancock	Sunlight
Herbie Hancock	Takin' Off
Herbie Hancock	The Piano
Herbie Hancock	Thrust
Herbie Hancock	V.S.O.P. (Disc 1)
Herbie Hancock	V.S.O.P. (Disc 2)
Herbie Steward	Lester Young'S Disciples
Here Come De Honeyman	Porgy And Bess
Horace Parlan	Happy Frame Of Mind
Horace Parlan	Up & Down
Horace Silver	Blowin' The Blues Away
Horace Silver	Horace Silver And The Jazz Messengers
Horace Silver	Safari
Horace Silver	Song For My Father
Horace Silver	The Cape Verdean Blues
Horace Silver	The Hardbop Grandpop
Horace Silver Quintet	The Stylings Of Silver
Howard Mcghee & Fats Navarro	Bebop Spoken Here - How High The Moon
Howard Mcghee Sextet With Milt Jackson	Bebop Spoken Here - How High The Moon
Human Chain	Cashin' In!
Humphey Lyttelton & His Band	Rock Me Gently
Hung Drawn Quartet	A Train In The Distance
Ike Quebec	Heavy Soul
Ike Quebec	Soul Samba
Illinois Jacquet	Birthday Party
Illinois Jacquet	Desert Winds
Illinois Jacquet	Groovin' With Jacquet
Illinois Jacquet	Here Comes Freddy
Illinois Jacquet	Illinois Jacquet Collates
Illinois Jacquet	Illinois Jacquet Flies Again
Illinois Jacquet	Lester Young'S Disciples
Illinois Jacquet	Swing'S The Thing
Illinois Jacquet	The Blues That'S Me!
Illinois Jacquet	The Comeback
Illinois Jacquet	The Illinois Jacquet Story - Disc 1
Illinois Jacquet	The Illinois Jacquet Story - Disc 2
Illinois Jacquet	The Illinois Jacquet Story - Disc 3 (It'S Wild)
Illinois Jacquet	The Illinois Jacquet Story - Dsic 4 (Groovin')
Illinois Jacquet	The Kid And The Brute
Illinois Jacquet	The King!
Illinois Jacquet	The Message
Illinois Jacquet	The Soul Explosion
Intro	In Paris Festival International De Jazz May 1949
J. J. Johnson	The Eminent Jay Jay Johnson - Vol. 1
J.R. Monterose	J.R. Monterose
Jack Mcduff	Brother Jack Meets The Boss
Jack Mcduff	Double Barrelled Soul
Jack Mcduff	Screamin'
Jack Mcduff	The Honeydripper
Jackie Mclean	A Fickle Sonance
Jackie Mclean	Action Action Action
Jackie Mclean	Bluesnik
Jackie Mclean	Capuchin Swing
Jackie Mclean	Destination... Out!
Jackie Mclean	It'S Time !
Jackie Mclean	Jackie Mclean & Co
Jackie Mclean	Jackie Mclean - A Long Drink Of The Blues (1957) [Eac-Flac]
Jackie Mclean	Jackie'S Bag
Jackie Mclean	Jackie'S Pal
Jackie Mclean	Let Freedom Ring
Jackie Mclean	Lights Out!
Jackie Mclean	Makin' The Changes
Jackie Mclean	Swing, Swang, Swingin'
Jackie Mclean & Kenny Dorham	Inta Somethin
Jackie Mclean - John Jenkins	Alto Madness
Jaco Pastorius	Jaco Pastorius
James Moody	Honey
James Moody	Just Moody - Cd 1
James Moody	Just Moody - Cd 2
James Moody	Just Moody - Cd 3
James Moody	Just Moody - Cd 4
James Moody'S Modernists	Bebop Spoken Here - How High The Moon
James Moody'S Modernists	Bebop Spoken Here_ Tempus Fugit
Janusz Carmello	A Portrait
Jay Jay Johnson'S Beboppers	Bebop Spoken Here - Disc 1 (Disorder At The Border)
Jay Jay Johnson'S Bop Quintet	Bebop Spoken Here - How High The Moon
Jazz At The Town Hall Ensemble	Bebop In Britain - Limbering Up - The First Sessions
Jazz Couriers, The	In Concert
Jazz Couriers, The	Speak Low
Jazz Couriers, The	The Couriers Of Jazz
Jazz Crusaders	Lighthouse '68
Jazz Crusaders	Uh Huh!
Jazz Jamaica	Massive
Jean Toussaint	What Goes Around
Jed Levy	Round And Round
Jerry Bergonzi	Live Gonz!
Jessica Williams	Nothin' But The Truth
Jessica Williams	The Next Step
Jessica Williams Trio	In The Pocket
Jim Hall	Concierto
Jim Hall - Buddy Collette	The Unreleased Sessions
Jim Rotondi	Hard Hittin´ At The Bird Eye
Jimmie Lunceford	Jimmie Lunceford And His Orchestra
Jimmy Deuchar	Pub Crawling With Jimmy Deuchar
Jimmy Giuffre	Historic Jazz Concert At The Music Inn
Jimmy Giuffre	Jimmy Giuffre
Jimmy Giuffre	Piece For Clarinet And String Orchestra - Mobiles
Jimmy Giuffre	Tangents In Jazz
Jimmy Giuffre	The Jimmy Giuffre Three
Jimmy Giuffre	The Sound Of Jazz
Jimmy Giuffre & Bob Cooper	Lester Young'S Disciples
Jimmy Giuffre - Andre Jaume	Eiffel
Jimmy Guiffre	California Cool. Blue Note West Coast Jazz Sampler
Jimmy Heath	Really Big!
Jimmy Knepper	Dream Dancing
Jimmy Knepper	Jazz Workshop Presents The Jimmy Knepper Quintet
Jimmy Knepper - Joe Temperley - Bobby Wellins	Special Relationship
Jimmy Raney	Together
Jimmy Smith	Cool Blues
Jimmy Smith	Go For Whatcha Know
Jimmy Smith	Home Cookin'
Jimmy Smith	House Party
Jimmy Smith	Rockin' The Boat
Jimmy Smith	The Sermon!
Jimmy Smith Jazz Set	More Jam Sessions_New York 72 Vol 2
Jimmy Witherspoon	Live At Condon'S, New York
Joe Harriott	Abstract
Joe Harriott	Free Form
Joe Harriott	High Spirits
Joe Harriott	Live At Harry'S 1963
Joe Harriott	The Joe Harriott Quintet Swings High
Joe Harriott	The Joe Harriott Story Cd1 - Out Of Nowhere
Joe Harriott	The Joe Harriott Story Cd2 - Just Goofin'
Joe Harriott	The Joe Harriott Story Cd3 - Abstract
Joe Harriott	The Joe Harriott Story Cd4 - Straight Lines
Joe Henderson	An Evening With Joe Henderson
Joe Henderson	At The Lighthouse
Joe Henderson	Four!
Joe Henderson	In 'N Out
Joe Henderson	Inner Urge
Joe Henderson	Joe Henderson In Japan
Joe Henderson	Joe Henderson With Billy Higgins, Ron Carter & Chi
Joe Henderson	Joe Henderson With Billy Higgins, Ron Carter & Chi
Joe Henderson	Lush Life (The Music Of Billy Strayhorn)
Joe Henderson	Mirror, Mirror
Joe Henderson	Mode For Joe (Rvg Edition)
Joe Henderson	Our Thing
Joe Henderson	Page One
Joe Henderson	Porgy And Bess
Joe Henderson	Punjab
Joe Henderson	Relaxin' At Camarillo
Joe Henderson	The Kicker
Joe Henderson	The Standard Joe
Joe Henderson	The State Of The Tenor Vol. 1
Joe Henderson	The State Of The Tenor Vol. 2
Joe Henderson With The Wynton Kelly Trio	Four!
Joe Lee Wilson	Feelin' Good!
Joe Lovano	I'M All For You
Joe Lovano Nonet	52Nd Street Themes (2000)
Joe Newman	All I Wanna Do Is Swing
Joe Newman	Soft Swingin´ Jazz
Joe Newman	The Midgets
Joe Newman And Zoot Sims	Locking Horns
Joe Pass	Sounds Of Synanon
Joel Frahm	Sorry, No Decaf
John Coltrane	A Love Supreme
John Coltrane	Ballads
John Coltrane	Blue Train
John Coltrane	Coltrane
John Coltrane	Coltrane For Lovers
John Coltrane	Giant Steps
John Coltrane	John Coltrane & Johnny Hartman
John Coltrane	John Coltrane & Johnny Hartman
John Coltrane	Like Sonny
John Coltrane	Lush Life
John Coltrane	My Favorite Things
John Coltrane	My Favourite Things (Compilation)
John Coltrane	The Classic Quartet Complete Impulse Studio Recordings [Box Set]
John Coltrane	The Classic Quartet Complete Impulse Studio Recordings [Box Set]
John Coltrane	The Classic Quartet Complete Impulse Studio Recordings [Box Set]
John Coltrane	The Classic Quartet Complete Impulse Studio Recordings [Box Set]
John Coltrane	The Classic Quartet Complete Impulse Studio Recordings [Box Set]
John Coltrane	The Classic Quartet Complete Impulse Studio Recordings [Box Set]
John Coltrane	The Classic Quartet Complete Impulse Studio Recordings [Box Set]
John Coltrane	The Classic Quartet Complete Impulse Studio Recordings [Box Set]
John Coltrane	The Classic Quartet Complete Impulse Studio Recordings [Box Set]
John Coltrane	The Complete Paul Chambers Sessions - Cd 1
John Coltrane	The Complete Paul Chambers Sessions - Cd 2
John Coltrane	Traneing In (Dcc Gzs-1098)
John Dankworth	The $1,000,000 Dollar Collection
John Dankworth	What The Dickens
John Lewis	The Wonderful World Of Jazz
John Patitucci	Line By Line
Johnny Dankworth (Club Xi) Quartet	Bebop In Britain - The Pace Setters
Johnny Dankworth Seven	Bebop In Britain - In All Directions
Johnny Dankworth Seven	Bebop In Britain - The Pace Setters
Johnny Griffin	A Blowing Session
Johnny Griffin	Dance Of Passion
Johnny Griffin	Do Nothing 'Til You Hear From Me
Johnny Griffin	Griff'N'Bags
Johnny Griffin	The Congregation
Johnny Griffin Orchestra	The Big Soul Band
Johnny Hodges	Not So Dukish
Johnny Scott Orchestra	London Swings
Jon Irabagon	Outright!
Jonas Kullhammar	Plays Loud For The People
Jonas Kullhammar	Salut
Jonas Kullhammar	Son Of A Drummer
Jonas Kullhammar - Kresten Osgood - Ole Morten VåGan	Andratx Live
Jonas Kullhammar Quartet With Norrbotten Big Band	Snake City North
Joseph, Julian	In Concert At The Wigmore Hall
Josh Kemp_Tim Lapthorn	Kukus
Juhani Aaltonen Trio	Mother Tongue
June Christy	California Cool. Blue Note West Coast Jazz Sampler
Junior Cook Quartet & George Coleman Octet	Stablemates
Kai Winding Sextet	Bebop Spoken Here_ Tempus Fugit
Karin Krog & Dexter Gordon	Some Other Spring
Keith Jarrett	Expectations
Keith Jarrett	Standards Live
Keith Jarrett	Standards Vol. 1
Keith Jarrett	Standards Vol. 2
Keith Jarrett	The Koln Concert
Keith Jarrett	The Out-Of-Towners
Keith Jarrett	Up For It
Ken Mcintyre	The Complete United Artists Sessions_ Cd2
Ken Mcintyre	The Complete United Artists Sessions_Ken Mcintyre
Kenny Burrell	Bluesy Burrell
Kenny Burrell	Jazzmen Detroit
Kenny Burrell	Midnight Blue
Kenny Clarke	Kenny Clarke Meets The Detroit Jazz Men
Kenny Clarke And His Fifty Second Street Boys	Bebop Spoken Here - How High The Moon
Kenny Dorham	2 Horns 2 Rhythm
Kenny Dorham	Afro Cuban
Kenny Dorham	Blue Spring
Kenny Dorham	Charlie Parker Memorial Concert
Kenny Dorham	Inta Somethin
Kenny Dorham	Jazz Contemporary
Kenny Dorham	Jazz Contrasts
Kenny Dorham	Kenny Dorham
Kenny Dorham	Kenny Dorham
Kenny Dorham	Kenny Dorham
Kenny Dorham	Kenny Dorham
Kenny Dorham	Kenny Dorham
Kenny Dorham	Kenny Dorham
Kenny Dorham	Kenny Dorham
Kenny Dorham	Kenny Dorham
Kenny Dorham	Kenny Dorham Quintet
Kenny Dorham	Matador
Kenny Dorham	Quiet Kenny
Kenny Dorham	Round About Midnight At The Cafe Bohemia Vol 1
Kenny Dorham	The Shadow Of Your Smile
Kenny Dorham	Una Mas
Kenny Dorham	West 42Nd Street
Kenny Dorham	Whistle Stop
Kenny Graham Afro-Cubists	Bebop In Britain - In All Directions
Kirk Lightsey	Kirk'N Marcus
Kurt Elling	Close Your Eyes
Kurt Elling	Live In Chicago
Larry Coryell	Laid Back & Blues
Larry Coryell	Larry Coryell Trio Yoshi'S San Francisco, 2009-02-20 (Dvda 96Khz, 24-Bit)
Larry Coryell & Emily Remler	Together
Larry Young	Unity
Lars Gullin	Baritone Sax
Lars Gullin	Decennium I BlåTon
Lars Gullin	Lars Gullin Swings
Lee Konitz	Charlie Parker Memorial Concert
Lee Konitz	Inside Hi-Fi
Lee Konitz	Jazz At Storyville
Lee Konitz	Konitz
Lee Konitz	Lee Konitz With Strings
Lee Konitz	Lee Konitz With Warne Marsh
Lee Konitz	Lullaby Of Birdland
Lee Konitz	More Live-Lee
Lee Konitz	Palo Alto
Lee Konitz	The Real Lee Konitz
Lee Konitz	Yes, Yes Nonet
Lee Konitz & Jimmy Guiffre	Lee Konitz Meets Jimmy Giuffre - Disk 2
Lee Konitz & The Gerry Mulligan Quartet	Konitz Meets Mulligan
Lee Konitz With Gerry Mulligan Quartet	California Cool. Blue Note West Coast Jazz Sampler
Lee Konitz With Mario Rusca	Where'S The Blues
Lee Konitz, Warne Marsh, Al Levitt, Peter Ind	London Concert
Lee Morgan	Candy
Lee Morgan	City Lights
Lee Morgan	Cornbread
Lee Morgan	Expoobident
Lee Morgan	Indeed!
Lee Morgan	Introducing Lee Morgan
Lee Morgan	Leeway
Lee Morgan	Search For The New Land
Lee Morgan	Sonic Boom
Lee Morgan	Take Twelve
Lee Morgan	Take Twelve
Lee Morgan	The Cooker
Lee Morgan	The Sidewinder
Lee Morgan	The Young Lions
Lee Morgan	Tom Cat
Lee Morgan	Volume 2  Sextet
Lee Morgan	Volume 3
Lennie Niehaus	Vol 1_ The Quintets
Lennie Tristano	Intuition - Cd 1_ Out On A Limb
Lennie Tristano	Intuition - Cd 2_ New Sound
Lennie Tristano	Intuition - Cd 3_ Crosscurrents
Lennie Tristano	Intuition - Cd 4_ Lennie'S Pennies
Lennie Tristano, Lee Konitz And Warne Marsh	Lennie Tristano, Lee Konitz, Warne Marsh - 1954-61 - The Complete Atlantic Recordings
Lenny Popkin	317 East 32Nd
Lenny Popkin	Lenny Popkin
Lenny Popkin	New York Moment
Lenny Popkin	Time Set
Lenny Tristano And Warne Marsh	Intuition
Leo Parker	Let Me Tell You 'Bout It
Leo Parker'S All Stars	Bebop Spoken Here - How High The Moon
Lest Young	In Washington Dc Volume Three
Lester Bowie'S Brass Fantasy	Twilight Dreams (1987)
Lester Young	Complete 1936-1949 Small Group Alternates, Vol 2 1944-1949
Lester Young	Complete 1936-1951
Lester Young	Complete Lester Young Alternates '44-'49
Lester Young	Complete Live At The Argyle
Lester Young	Essential Masters Of Jazz
Lester Young	In Washington Dc 1956 Vol 1
Lester Young	In Washington Dc 1956 Vol 2
Lester Young	In Washington Dc 1956 Vol 4
Lester Young	In Washington Dc 1956 Vol 5
Lester Young	Jazz Collection
Lester Young	Lester Young Roy Eldridge And Harry Edison - Laughin' To Keep From Cryin' (1958) [Flac]
Lester Young	Lester Young Roy Eldridge And Harry Edison - Laughin' To Keep From Cryin' (1958) [Flac]
Lester Young	Lester Young Trio
Lester Young	Lester Young Trio
Lester Young	Lester Young With The Oscar Peterson Trio
Lester Young	Lester Young'S Disciples
Lester Young	Lester Young, Teddy Wilson Quartet
Lester Young	Lester Young, Teddy Wilson Quartet
Lester Young	Live At Birdland
Lester Young	The Complete 1936-1951 Small Group Seassions Vol.2
Lester Young	The Complete 1936-1951 Small Group Sessions
Lester Young	The Complete 1936-1951 Small Group Sessions Studio Recordings Vol. 7
Lester Young	The Complete 1936-1951 Small Group Sessions Vol. 5
Lester Young	The Complete 1936-1951 Small Group Sessions, Vol. 6 (Rare Ite
Lester Young	The Complete Savoy Recordings [Disc 2]
Lester Young	The Complete Savoy Recordings [Disc1]
Lester Young	The Complete Studio Sessions On Verve (1946-1959) [8 Cd Boxset][M@In]
Lester Young	The Complete Studio Sessions On Verve (1946-1959) [8 Cd Boxset][M@In]
Lester Young	The Complete Studio Sessions On Verve (1946-1959) [8 Cd Boxset][M@In]
Lester Young	The Complete Studio Sessions On Verve (1946-1959) [8 Cd Boxset][M@In]
Lester Young	The Complete Studio Sessions On Verve (1946-1959) [8 Cd Boxset][M@In]
Lester Young	The Complete Studio Sessions On Verve (1946-1959) [8 Cd Boxset][M@In]
Lester Young	The Complete Studio Sessions On Verve (1946-1959) [8 Cd Boxset][M@In]
Lester Young	The Complete Studio Sessions On Verve (1946-1959) [8 Cd Boxset][M@In]
Lester Young	The Complete Studio Sessions On Verve (1946-1959) [8 Cd Boxset][M@In]
Lester Young	The Complete Studio Sessions On Verve (1946-1959) [8 Cd Boxset][M@In]
Lester Young	The Complete Studio Sessions On Verve (1946-1959) [8 Cd Boxset][M@In]
Lester Young	The Complete Studio Sessions On Verve (1946-1959) [8 Cd Boxset][M@In]
Lester Young	The _Kansas City_ Sessions
Lester Young, Roy Eldridge, Harry Edison	Laughin' To Keep From Cryin'
Lester Youngs Disciples	Lester Young'S Disciples
Lew Tabackin	Live In Paris
Liam Noble	Close Your Eyes
Liane Carroll	Standard Issue
Lionel Hampton	Hamp'S Boogie
Lionel Hampton	Lionel Hampton At Malibu Beach
Lionel Hampton Quintet	The Lionel Hampton Quintet
Lou Donaldson	Gravy Train
Lou Donaldson	Here 'Tis
Lou Donaldson	Lou Donaldson - Complete 1952 Blue Note Sessions
Lou Donaldson	Lou Takes Off
Lou Donaldson	The Midnight Creeper
Lou Donaldson	The Scorpion_ Live At The Cadillac Club
Louis Armstrong	A Monday Date
Louis Armstrong	Dear Old Southland
Louis Armstrong	Gut Bucket Blues
Louis Armstrong	Mahogany Hall Stomp
Louis Armstrong	The Hot Fives & Hot Sevens Vol. 3
Louis Armstrong	Volume Iv - Louis Armstrong And Earl Hines
Louis Armstrong	Wild Man Blues
Louis Armstrong & Oscar Peterson	Louis Armstrong Meets Oscar Peterson
Lucy Reed	The Singing Reed
Lynne Arriale	When You Listen
Mal Waldron	Blues For Lady Day
Mal Waldron	The Quest
Mark Murphy	Bop For Kerouac
Mark Murphy	Bop For Kerouac
Mark Murphy	Bop For Miles
Mark Murphy	California Cool. Blue Note West Coast Jazz Sampler
Mark Murphy & Sheila Jordan	Live In Edinburgh
Mark Ramsden _ Dave Cliff	Tribute To Paul Desmond
Martial Solal	Newport '63
Martin Speake	Charlie Parker
Martin Speake	Generations
Martin Speake & Colin Oxley	Two Not One
Martin Taylor	Change Of Heart
Martin Taylor	Spirit Of Django
Marty Paich	I Get A Boot Out Of You
Marty Paich	The Broadway Bit
Max Roach	It'S Time
Max Roach	Max Roach & Booker Little - Booker Little 4 & Max Roach (1958) [Eac-Flac]
Max Roach	Survivors
Max Roach Quintet	The Hard Bop Academy
Mccoy Tyner	Expansions
Mccoy Tyner	Mccoy Tyner Plays John Coltrane
Mccoy Tyner	Tender Moments
Mccoytyner	The Real Mccoy
Medly_ What'S New	More Jam Sessions_New York 72 Vol 2
Mel Lewis	Mel Lewis And Friends
Metronome All-Stars	Bebop Spoken Here_ Tempus Fugit
Michael Brecker	01 Michael Brecker
Michael Brecker	Now You See It... (Now You Don'T)
Michel Petrucciani & Tony Petrucciani	Conversation
Mike Carr Quartet & Trio	Good Times & The Blues
Miles Davis	'Round About Midnight
Miles Davis	1958  -  '58 Sessions
Miles Davis	Ascenseur Pour L'Echafaud
Miles Davis	At Last (With The Lighthouse All-Stars)
Miles Davis	Bag'S Groove
Miles Davis	Ballads & Blues (1950-1958)
Miles Davis	Blue Haze
Miles Davis	Blue Moods (With Charles Mingus)
Miles Davis	Colectors Items
Miles Davis	Conception (With Stan Getz) [160K]
Miles Davis	Cookin'
Miles Davis	Cookin' At The Plugged Nickel
Miles Davis	Dig (With Sonny Rollins)
Miles Davis	Down
Miles Davis	Dr. Jekyll (Cannonball Meets Davis)
Miles Davis	Dr. Jekyll (With Cannonball Adderley)
Miles Davis	Four
Miles Davis	Free Trade Hall, Manchester, England  (
Miles Davis	Green Dolphin Street, Amsterdam (9 Apr)
Miles Davis	In Paris Festival International De Jazz May 1949
Miles Davis	In Paris Festival International De Jazz-May, 1949
Miles Davis	In Person Saturday Night At The Blackhawk (Disc One)
Miles Davis	In Person Saturday Night At The Blackhawk (Disc Two)
Miles Davis	In Stockholm (With Sonny Stitt)
Miles Davis	Jazz At The Plaza
Miles Davis	Kind Of Blue
Miles Davis	Kind Of Blue (Remastered)
Miles Davis	Konserthuset, Stockholm
Miles Davis	Live (With John Coltrane)
Miles Davis	Live At Newport (With Thelonious Monk)
Miles Davis	Live In Stockholm (Complete) 1Of4
Miles Davis	Live In Stockholm (Complete) 2Of4
Miles Davis	Live In Stockholm (Complete) 3Of4
Miles Davis	Live In Stockholm (Complete) 4Of4
Miles Davis	Miles Ahead
Miles Davis	Miles Davis  -  1957-1968 Complete Columbia Studio Recs (With G1
Miles Davis	Miles Davis  -  1957-1968 Complete Columbia Studio Recs (With G2
Miles Davis	Miles Davis  -  1957-1968 Complete Columbia Studio Recs (With G3
Miles Davis	Miles Davis  -  1957-1968 Complete Columbia Studio Recs (With G4
Miles Davis	Miles Davis  -  1957-1968 Complete Columbia Studio Recs (With G5
Miles Davis	Miles Davis  -  1957-1968 Complete Columbia Studio Recs (With Gi
Miles Davis	Miles Davis And Horns
Miles Davis	Miles Davis At Carnegie Hall
Miles Davis	Miles Davis At Carnegie Hall - Vol2
Miles Davis	Miles Smiles
Miles Davis	Milestones
Miles Davis	Olympia, Paris
Miles Davis	On The Corner
Miles Davis	Plays Classic Ballads
Miles Davis	Porgy And Bess
Miles Davis	Quintet- Sextet
Miles Davis	Relaxin'
Miles Davis	Relaxin' With
Miles Davis	Someday My Prince Will Come
Miles Davis	Something Else (With Cannonball Adderle
Miles Davis	Steamin'
Miles Davis	The Complete Birth Of The Cool [128K]
Miles Davis	The Musings Of Miles
Miles Davis	Volume 2
Miles Davis	Walkin
Miles Davis	Walkin'
Miles Davis	Workin'
Miles Davis & Charlie Parker	Don'T Blame Me And Charlie Parker
Miles Davis & His Orchestra	Bebop Spoken Here_ Tempus Fugit
Miles Davis & The Metronome All-Stars	Birth Of The Cool, Vol. 2
Miles Davis All Stars	Bebop Spoken Here - Disc 2 (Confirmation)
Miles Davis And The Lighthouse All-Stars	At Last!
Miles Davis, George Coleman, Herbie Hancock, Ron Carter, Tony Williams	Complete Columbia Collection (No.20) - My Funny Valentine - Miles Davis In Concert (64.2.12)
Mina Agossi	Just Like A Lady
Miquel Casany	Wes Montgomery Revisited
Mostly Other People Do The Killing	Shamokin!!!
Nancy Wilson And Cannonball Adderley	Nancy Wilson And Cannonball Adderley
National Health	Of Queues And Cures
Nick Brignola	Live At Sweet Basil First Set
Nick Brignola	What It Takes
Nick Brignola And Howard Mcghee	Live At The Golden Fox 1975 (Bootleg)
Niels-Henning ØRsted Pedersen, Palle Mikkelborg	Hommage _ Once Upon A Time
Nigel Hitchcock	The Snakeranch Sessions
Nnenna Freelon	Live At The Iaje Conference 2000
Norma Winstone	Amoroso - Only More So - Cd1
Norma Winstone	Amoroso... Only More So  Cd 2
Norman Burns Quintet	Bebop In Britain - In All Directions
Norman Moy	Close Connection
Oliver Nelson	Blues And The Abstract Truth
Oliver Nelson	Swiss Suite
Oliver Nelson And His Orchestra	Fantabulous [Verve Originals]
Ornette Coleman	At The Golden Circle, Vol. 2
Ornette Coleman	Ornette!
Ornette Coleman	Skies Of America
Oscar Peterson	At The Concertgebouw
Oscar Peterson	Compact Jazz - Oscar Peterson
Oscar Peterson	Duke Ellington Songbook
Oscar Peterson	Oscar Peterson Plays Jazz Standards
Oscar Peterson Big 6	At Montreux
Oscar Peterson Trio	Nigerian Marketplace
Oscar Pettiford	Basically Duke
Oscar Pettiford	Oscar Pettiford & All Stars
Oscar Pettiford	Oscar Pettiford & All Stars
Oscar Pettiford	Oscar Pettiford Modern Quartet
Oscar Pettiford	Oscar Pettiford Orchestra In Hifi
Oscar Pettiford	Oscar Pettiford Orchestra In Hifi Vol 2
Oscar Pettiford	The New Oscar Pettiford Sextet
Oscar Pettiford	The Oscar Pettiford Sextet
Otis Spann	Bosses Of The Blues (Vol. 2)
Out Of The Blue (Otb)	Live At Mount Fuji
Parker_Gillespie_Powell_Mingus_Roach	Dizzy Atmosphere (Disc 3)
Pat Crumley Quartet	Waever Of Dreams
Pat Crumly, John Critchison	Ronnie Remembered
Paul Chambers	Bass On Top
Paul Chambers	Chamber'S Music
Paul Chambers	Paul Chambers Quintet
Paul Chambers	We Three
Paul Desmond	Paul Desmond - Easy Living (1963) [Eac-Flac]
Paul Desmond	Paul Desmond - Glad To Be Unhappy (1963) [Eac-Flac]
Paul Desmond	Paul Desmond - Two Of A Mind (1962) [Eac-Flac]
Paul Desmond	The Paul Desmond Quintet - Quartet
Paul Dunmall	Soliloquy
Paul Gonsalves	Boom-Jackie-Boom-Chick
Paul Gonsalves	Humming Bird
Paul Gonsalves & Tubby Hayes	Just Friends
Paul Grabowsky And Bernie Mcgann	Always
Paul Quinichette	Lester Young'S Disciples
Peggy Lee With George Shearing	California Cool. Blue Note West Coast Jazz Sampler
Pepper Adams	10 To 4 At The 5 Spot
Pepper Adams	Complete Live At Jorgie'S 1961
Pepper Adams	Conjuration - Fat Tuesday'S Session
Pepper Adams	Critic'S Choice
Pepper Adams	Pepper
Pepper Adams	Pepper Adams Quintet
Pepper Adams	Pepper-Knepper Quintet
Pepper Adams	Plays Charlie Mingus
Pepper Adams	The Cool Sound Of Pepper Adams
Per Husby	If You Could See Me Now
Pete Christlieb	Warne Marsh _ Conversations With Warne Vol 1
Pete Churchill Trio With Bobby Wellins	The Bad And The Beautiful
Pete Laroca Sims	Swing Time
Peter King	Forever Elvin
Peter King	Hi Fly
Peter King	Live At The Lemon Tree, Aberdeen
Peter King	Peter King Quartet Live - Footprints
Pharoah Sanders	Oh Lord Let Me Do No Wrong
Phil Woods	4 Altos
Phil Woods	A Jazz Life
Phil Woods	Alive And Well In Paris
Phil Woods	American Songbook
Phil Woods	Ballads & Blues
Phil Woods	Bouquet
Phil Woods	Here'S To My Lady
Phil Woods	Musique Du Bois
Phil Woods	Pairing Off
Phil Woods	Phil & Quill With Prestige
Phil Woods	Phil Woods & Tom Harrell - The Jazz Masters
Phil Woods	Phil Woods And His European Rhythm Machine
Phil Woods	Pot Pie
Phil Woods	Quartet-Quintet 20Th Anniversary Set
Phil Woods	Round Trip
Phil Woods	Sugan
Phil Woods	Warm Woods
Phil Woods	Woodlore
Phil Woods And Lew Tabackin	Phil Woods - Lew Tabackin
Philly Joe Jones	Blues For Dracula
Philly Joe Jones	Mo' Joe
Philly Joe Jones	Philly Mignon
Phineas Newborn Jr	Here Is Phineas
Quincy Jones And His Orchestra	The Quintessence
Rahsaan Roland Kirk	A Meeting Of The Times
Rahsaan Roland Kirk	Brotherman In The Fatherland
Rahsaan Roland Kirk	Does Your House Have Lions
Rahsaan Roland Kirk	Dog Years In The Fourth Ring
Rahsaan Roland Kirk	Domino
Rahsaan Roland Kirk	Gifts And Messages
Rahsaan Roland Kirk	I, Eye, Aye
Rahsaan Roland Kirk	Kirk In Copenhagen
Rahsaan Roland Kirk	Kirk'S Work
Rahsaan Roland Kirk	Left & Right
Rahsaan Roland Kirk	Live In Paris, 1970 Vol. 1
Rahsaan Roland Kirk	Live In Paris, 1970 Vol. 2
Rahsaan Roland Kirk	Now Please Don'T You Cry, Beautiful Edith
Rahsaan Roland Kirk	Other Folks Music
Rahsaan Roland Kirk	Prepare Thyself To Deal With A Miracle
Rahsaan Roland Kirk	Rahsaan Rahsann
Rahsaan Roland Kirk	Reeds And Deeds
Rahsaan Roland Kirk	Rip, Rig And Panic
Rahsaan Roland Kirk	The Case Of The 3 Sided Dream In Audio Color
Rahsaan Roland Kirk	The Inflated Tear
Rahsaan Roland Kirk	The Man Who Cried Fire
Rahsaan Roland Kirk	Triple Threat
Ralph Burns	Free Forms
Randy Weston	Jazz Á La Bohemia
Ray Bryant, Arnett Cobb, Alan Dawson, George Duvivier, Buddy Tate, Eddie _Cleanhead_ Vinson	_Live_ At Sandy'S
Red Garland	A Garland Of Red
Red Garland	All Kinds Of Weather
Red Garland	All Mornin' Long
Red Garland	Blues In The Night
Red Garland	Can'T See For Lookin'
Red Garland	Curtis Fuller With Red Garland
Red Garland	Dig It!
Red Garland	Groovy
Red Garland	High Pressure
Red Garland	Moodsville Vol. 1
Red Garland	Red Garland'S
Red Garland	Red In Bluesville
Red Garland	Red'S Good Groove
Red Garland	Solar
Red Garland	Soul Junction
Red Mitchell - Harold Land Quintet	Hear Ye!!!!Hear Ye!!!!
Red Mitchell_Warne Marsh	Big Two Vol. I
Red Norvo And His Selected Sextet	Bebop Spoken Here - Disc 1 (Disorder At The Border)
Red Rodney	Hey, Chood
Red Rodney'S Be-Boppers	Bebop Spoken Here - Disc 2 (Confirmation)
Reeds And Deeds	Wailin'
Reuben Wilson	Blue Mode
Rhythmstick	Rhythmstick
Richie Cole	Rise'S Rose Garden - Cd1
Richie Cole	Rise'S Rose Garden - Cd2
Robert Mazurek	Badlands
Robert Mazurek	Green & Blue
Robert Mazurek Quartet	Main Facing Eastpin'
Roberta Gambarini & Hank Jones	You Are There
Ronnie Scott (Club Xi) Boptet	Bebop In Britain - The Pace Setters
Ronnie Scott Boptet	Bebop In Britain - The Pace Setters
Ronnie Scott Orchestra	Bebop In Britain - The Pace Setters
Ronnie Scott Orchestra	Ronnie Scott Orchestra With Tony Crombie
Ronnie Scott Quartet	Bebop In Britain - The Pace Setters
Roswell Rudd	Flexible Flyer
Roy Eldridge	Little Jazz Disc 1_ Swing Is Here
Roy Eldridge	Little Jazz Disc 2_ The Gasser
Roy Eldridge	Little Jazz Disc 3_ King David In Paris... And Stockholm, Too
Roy Eldridge	Little Jazz Disc 4_ Dale'S Wail
Roy Eldridge	What It'S All About
Roy Eldridge & Budd Johnson	What It'S All About
Roy Hargrove	Approaching Standards
Roy Hargrove	Roy Hargrove - Parker'S Mood (1995) [Eac-Ape]
Roy Haynes Quartet	Out Of The Afternoon
Ryan Quigley	Laphroaig-Ian Sip
Sal Mosca - Warne Marsh Quartet	Sal Mosca - Warne Marsh - Volume 1
Sal Nistico	Sal Nistico Quintets. Heavyweights - Comin' On Up - Terry Gibbs - Sal Nistico Sextet - It'S Time We Met
Sarah Vaughan	Bebop Spoken Here - Disc 1 (Disorder At The Border)
Sauter Finegan Orchestra	Directions In Music
Saxophone Summit	Gathering Of Spirits
Scott Hamilton	From The Beginning
Scott Hamilton	Jazz Signatures
Scott Hamilton	Live In London
Scott Hamilton	Major League
Scott Hamilton	No Bass Hit
Scott Hamilton,Ken Peplowski & Spike Robinson	Groovin' High
Scottish National Jazz Orchestra	American Adventure
Scottish National Jazz Orchestra	Jeune Homme
Serge Chaloff	Bebop Spoken Here_ Tempus Fugit
Serge Chaloff	Blue Serge
Serge Chaloff	California Cool. Blue Note West Coast Jazz Sampler
Sheila Jordan	Body And Soul
Sheila Jordan	Confirmation
Sheila Jordan	Heart Strings
Sheila Jordan	Lost And Found
Sheila Jordan	Portrait Of Sheila
Shelly Manne	At The Black Hawk, Vol. 1
Shelly Manne	At The Black Hawk, Vol. 2
Shelly Manne	At The Black Hawk, Vol. 3
Shelly Manne	At The Black Hawk, Vol. 4
Shihab, Sahib	Converstations
Shorty Rogers	Creative West Coast Swing  Vol - 1
Shorty Rogers	Creative West Coast Swing  Vol - 2
Shorty Rogers	Creative West Coast Swing  Vol - 4
Shorty Rogers	Creative West Coast Swing Vol - 3
Shorty Rogers & Art Pepper	Popo
Shorty Rogers & Bud Shank	Eight Brothers
Shorty Rogers And His Giants	Birth Of The Cool, Vol. 2
Sidney Bechet	Hold Tight
Sir Charles Thompson'S All Stars	Bebop Spoken Here - Disc 2 (Confirmation)
Slide Hampton Quintet	Roots
Slim Gaillard	Slim Gaillard Rides Again
Someone To Watch Over Me	Four Classic Albums 2
Sonny Berman'S Big Eight	Bebop Spoken Here - Disc 2 (Confirmation)
Sonny Clark	Cool Struttin'
Sonny Clark	Dial 'S' For Sonny
Sonny Clark	Sonny Clark Trio
Sonny Clark	Sonny'S Crib
Sonny Clark	Sonny'S Crib
Sonny Clark	Sonny'S Crib
Sonny Criss	An Introduction To Sonny Criss - Young Sonny
Sonny Criss	California Cool. Blue Note West Coast Jazz Sampler
Sonny Criss	Saturday Morning
Sonny Criss	The Complete Imperial Sessions [Disc 1]
Sonny Criss	The Complete Imperial Sessions [Disc 2]
Sonny Criss	The Lost Recordings
Sonny Criss	This Is Criss!
Sonny Red	Red, Blue & Green
Sonny Rollins	A Night At The Village Vanguard
Sonny Rollins	Airegin
Sonny Rollins	Aix En Provence 1959
Sonny Rollins	Alfie
Sonny Rollins	All The Things You Are
Sonny Rollins	Barbican 13 May 2006 - Bootleg
Sonny Rollins	Complete Live At The Village Gate 1962
Sonny Rollins	Don'T Ask
Sonny Rollins	G-Man
Sonny Rollins	Live In London - Vol 1
Sonny Rollins	Live In London - Vol 2
Sonny Rollins	Live In London - Vol 3.1
Sonny Rollins	Live In London - Vol 3.2
Sonny Rollins	Mambo Bounce (1949 - 1951)
Sonny Rollins	Newk'S Time
Sonny Rollins	On The Outside
Sonny Rollins	Paris
Sonny Rollins	Paris 1965 - Copenhagen 1968 Cd1
Sonny Rollins	Paris 1965 - Copenhagen 1968 Cd2
Sonny Rollins	Plus 3
Sonny Rollins	Plus 4
Sonny Rollins	Saxophone Colossus
Sonny Rollins	Sonny Meets Hawk!
Sonny Rollins	Sonny Rollins And The Big Brass
Sonny Rollins	Sonny Rollins And The Contemporary Leaders
Sonny Rollins	Sonny Rollins On Impulse!
Sonny Rollins	Sonny Rollins Quartet At The Village Gate
Sonny Rollins	Sonny Rollins, Don Cherry Quartet- Complete 1963 S
Sonny Rollins	Sonny, Please
Sonny Rollins	Sunny Days, Starry Nights
Sonny Rollins	Tenor Madness
Sonny Rollins	The Bridge
Sonny Rollins	The Solo Album
Sonny Rollins	The Sound Of Sonny
Sonny Rollins	The Standard Sonny Rollins
Sonny Rollins	This Is What I Do
Sonny Rollins	Volume One
Sonny Rollins	Volume Two
Sonny Rollins	What'S New
Sonny Rollins	Without A Song - The 9-11 Concert
Sonny Rollins Quartet	Live In Paris 1963
Sonny Stitt	37 Minutes And 48 Seconds With Sonny Stitt
Sonny Stitt	A Little Bit Of Stitt
Sonny Stitt	Blows The Blues
Sonny Stitt	Classics 1950 - 1951
Sonny Stitt	Featuring Howard Mcghee
Sonny Stitt	Jazz At The Hi-Hat
Sonny Stitt	Jazz At The Hi-Hat
Sonny Stitt	Lester Young'S Disciples
Sonny Stitt	Live At Ronnie Scott'S
Sonny Stitt	Live At The Hi-Hat Volume Two
Sonny Stitt	Moonlight In Vermont
Sonny Stitt	New York Jazz
Sonny Stitt	Only The Blues
Sonny Stitt	Personal Appearance
Sonny Stitt	Prestige First Sessions Vol. 2
Sonny Stitt	Sits In With The Oscar Peterson Trio
Sonny Stitt	Sonny Side Up
Sonny Stitt	Soul People
Sonny Stitt	Stitt In Orbit
Sonny Stitt	Stitt Plays Bird
Sonny Stitt	Stittsville
Sonny Stitt	The Complete Roost Sonny Stitt Studio Sessions
Sonny Stitt	The Complete Roost Sonny Stitt Studio Sessions
Sonny Stitt	The Complete Roost Sonny Stitt Studio Sessions
Sonny Stitt	The Complete Roost Sonny Stitt Studio Sessions
Sonny Stitt	The Complete Roost Sonny Stitt Studio Sessions
Sonny Stitt	The Complete Roost Sonny Stitt Studio Sessions
Sonny Stitt	The Complete Roost Sonny Stitt Studio Sessions
Sonny Stitt	The Complete Roost Sonny Stitt Studio Sessions
Sonny Stitt	The Complete Roost Sonny Stitt Studio Sessions
Sonny Stitt	The Complete Roost Sonny Stitt Studio Sessions
Sonny Stitt	The Complete Roost Sonny Stitt Studio Sessions
Sonny Stitt	The Hard Swing
Sonny Stitt	The Sonny Side Of Stitt
Sonny Stitt & Don Patterson	Brothers-4
Sonny Stitt All Stars	Bebop Spoken Here - Disc 1 (Disorder At The Border)
Sonny Stitt And Richie Cole	Battle Of The Saxes
Sonny Stitt, Bud Poweel, Jj Johnson	Sonny Stitt  Bud Powell  J.J.Johnson
Soweto Kinch	Conversations With The Unseen
Spike Robinson	And George Masso Play Arlen
Spike Robinson	Reminiscin
Splinters	Split The Difference
Stan Getz	At Large Plus!
Stan Getz	At The Shrine
Stan Getz	Award Winner
Stan Getz	Birdland Sessions 1952
Stan Getz	Chamber Music
Stan Getz	Focus
Stan Getz	Imported From Europe
Stan Getz	In Stockholm
Stan Getz	Lester Young'S Disciples
Stan Getz	Live 1952 - Move
Stan Getz	Nobody Else But Me
Stan Getz	Opus De Bop
Stan Getz	Split Kick
Stan Getz	Spring Is Here
Stan Getz	Stan Getz & The Oscar Peterson Trio
Stan Getz	Stan Getz And Bill Evans
Stan Getz	Stan Getz And The Cool Sounds
Stan Getz	Sweet Rain
Stan Getz	The Dolphin
Stan Getz	The Final Concert Recording
Stan Getz	The Roost Quartets
Stan Getz	The Steamer
Stan Getz	West Coast Jazz
Stan Getz - Zoot Sims - Al Cohn - Alan Eager - Brew Moore	The Brothers
Stan Getz And Albert Dailey	Poetry
Stan Getz And Chet Baker	Stan Meets Chet
Stan Getz And Dizzy Gillespie	Jazz Masters 25
Stan Getz And JoãO Gilberto	Getz_Gilberto #2
Stan Getz And Kenny Barron	People Time - The Complete Recordings
Stan Getz And Zoot Sims	Double Exposure
Stan Getz Quartet	Bebop Spoken Here - Disc 2 (Confirmation)
Stan Getz Quartet	Bebop Spoken Here_ Tempus Fugit
Stan Getz, Charlie Byrd	Jazz Samba
Stan Getz, Gerry Mulligan, Oscar Peterson	Jazz Giants '58
Stan Kenton & His Orchestra	Bebop Spoken Here - How High The Moon
Stan Tracey	Free An' One
Stan Tracey	Under Milk Wood
Stan Tracey	With Love From Jazz
Stan Tracey & Danny Moss	Just You, Just Me
Stan Tracey Trio With Peter King	The Last Time I Saw You
Stan Tracy And Bobby Wellins	Comme D'Habitude
Stan Tracy And Bobby Wellins	Tracey - Wellins Play Monk
Stanley Turrentine	A Chip Off The Old Block
Stanley Turrentine	Always Something There
Stanley Turrentine	Dearly Beloved
Stanley Turrentine	Hustlin'
Stanley Turrentine	Jubilee Shout
Stanley Turrentine	Never Let Me Go
Star Dust	Four!
Steps Ahead	Steps Ahead
Sun Ra	Blue Delight
Supersax	The Joy Of Sax!
Tad Shull	Deep Passion
Tad Shull	In The Land Of The Tenor
Tadd Dameron & His Orchestra	Bebop Spoken Here_ Tempus Fugit
Tadd Dameron Sextet	Bebop Spoken Here - Disc 2 (Confirmation)
Tal Farlow	Tal Farlow'S Finest Hour
Ted Brown	Preservation
Ted Curson	The New Thing And The Blue Thing
Teddy Edwards	Mississippi Lad
Teddy Edwards With Les Mccann Ltd	California Cool. Blue Note West Coast Jazz Sampler
Thad Jones - Mel Lewis	Consummation
The All Star Sextet	Bebop In Britain - Limbering Up - The First Sessions
The Bebop Boys	Bebop Spoken Here - Disc 1 (Disorder At The Border)
The Concord All Stars	Take 8
The Dirty Dozen Brass Band	My Feet Can'T Fail Me Now
The Esquire Five	Bebop In Britain - Limbering Up - The First Sessions
The Gil Evans Orchestra	Into The Hot
The Harper Brothers	Remembrance - Live At The Village Vanguard
The Jazz Messengers	The Jazz Messengers At The Cafe Bohemia (Volume 1)
The Little Giant	The Little Giant (Disc 3 Of 4) - Room 608
The Mike Gibbs Orchestra	Big Music
The Mike Hennessy Chastet	Shades Of Chas Burchell
The Modern Jazz Quartet	Scandinavia, April 1960
The Stan Tracey Quartet	Under Milk Wood
Thelonious Monk	Bebop Spoken Here - Disc 2 (Confirmation)
Thelonious Monk	Bebop Spoken Here - How High The Moon
Thelonious Monk	Brilliant Corners
Thelonious Monk	Criss-Cross
Thelonious Monk	Genius Of Modern Music - Volume 2
Thelonious Monk	Genius Of Modern Music, Volume One (1947)
Thelonious Monk	Live At The It Club
Thelonious Monk	Live At The It Club
Thelonious Monk	Live At The It Club
Thelonious Monk	Misterioso
Thelonious Monk	Monk Alone (Disc 1)
Thelonious Monk	Monk Alone (Disc 2)
Thelonious Monk	Monk At Newport 1963
Thelonious Monk	Monk At Newport 1965
Thelonious Monk	Monk In Tokyo (Disc 1)
Thelonious Monk	Monk In Tokyo (Disc 2)
Thelonious Monk	Monk'S Dream -- Remastered
Thelonious Monk	Solo Monk
Thelonious Monk	Straight, No Chaser
Thelonious Monk	The Complete Riverside Recordings
Thelonious Monk	The Complete Riverside Recordings
Thelonious Monk	The Complete Riverside Recordings
Thelonious Monk	The Complete Riverside Recordings
Thelonious Monk	The Complete Riverside Recordings
Thelonious Monk	The Complete Riverside Recordings
Thelonious Monk	The Complete Riverside Recordings
Thelonious Monk	The Complete Riverside Recordings
Thelonious Monk	The Complete Riverside Recordings
Thelonious Monk	The Complete Riverside Recordings
Thelonious Monk	The Complete Riverside Recordings
Thelonious Monk	The Complete Riverside Recordings
Thelonious Monk	The Complete Riverside Recordings
Thelonious Monk	The Complete Riverside Recordings
Thelonious Monk	The Complete Riverside Recordings
Thelonious Monk	The Complete Riverside Recordings
Thelonious Monk	The Nonet-Live!
Thelonious Monk	Thelonious Himself
Thelonious Monk	Thelonious Monk
Thelonious Monk	Thelonious Monk Quartet With John Coltrane At Carnegie Hall
Thelonious Monk	Thelonious Monk The Complete Prestige Recordings(3Cd)(Jazz)(Mp3@320)[Rogercc][H33T]
Thelonious Monk	Thelonious Monk The Complete Prestige Recordings(3Cd)(Jazz)(Mp3@320)[Rogercc][H33T]
Thelonious Monk	Thelonious Monk The Complete Prestige Recordings(3Cd)(Jazz)(Mp3@320)[Rogercc][H33T]
Thelonious Monk	Thelonious Monk The Complete Prestige Recordings(3Cd)(Jazz)(Mp3@320)[Rogercc][H33T]
Thelonious Monk	Thelonious Monk _ Sonny Rollins
Thelonious Monk	Thelonius Monk The Complete Riverside Recordings
Thelonious Monk	Thelonius Monk The Complete Riverside Recordings
Thelonious Monk	Thelonius Monk The Complete Riverside Recordings
Thelonious Monk	Thelonius Monk The Complete Riverside Recordings
Thelonious Monk	Thelonius Monk The Complete Riverside Recordings
Thelonious Monk	Thelonius Monk The Complete Riverside Recordings
Thelonious Monk	Thelonius Monk The Complete Riverside Recordings
Thelonious Monk	Thelonius Monk The Complete Riverside Recordings
Thelonious Monk	Thelonius Monk The Complete Riverside Recordings
Thelonious Monk	Thelonius Monk The Complete Riverside Recordings
Thelonious Monk	Thelonius Monk The Complete Riverside Recordings
Thelonious Monk	Thelonius Monk The Complete Riverside Recordings
Thelonious Monk	Thelonius Monk The Complete Riverside Recordings
Thelonious Monk	Thelonius Monk The Complete Riverside Recordings
Thelonious Monk	Thelonius Monk The Complete Riverside Recordings
Thelonious Monk	Thelonius Monk The Complete Riverside Recordings
Thelonious Monk	Underground
Thelonious Monk & Max Roach	European Tour
There Will Never Be Another You (Warren-Gordon)	Anita O'Day - Four Classic Albums Cd2
Tina Brooks	True Blue
Tina May	Live In Paris
Tina May	Time Will Tell
Tiny Grimes Quintet	Bebop Spoken Here - Disc 1 (Disorder At The Border)
Tito Burns And His Sextet	Bebop In Britain - In All Directions
Tito Rodriguez	Live At Birdland
Tom Macniven	Guess What
Tommy Smith	Azure
Tommy Smith	Standards
Tommy Whittle	Grace Notes
Tony Coe And The Lansdowne String Quartet	Tony'S Basement
Tony Coe Quintet	Swingin' Til The Girls Come Home
Tony Crombie	Jazz Inc_ Swinging Music In The Modern Manner
Tony Crombie	Whole Lotta Tony
Tony Fruscella	Tony Fruscella Complete Studio Recordings Cd 2
Tony Fruscella & Brew Moore	The 1954 Unissued Atlantic Session
Tony Fruscella Quintet	Bebop Spoken Here_ Tempus Fugit
Tony Kofi	Tony Kofi Quartet Plays Monk
Tony Scott	52Nd Street Scene
Tony Scott	A Jazz Life
Tony Scott	At Last
Tony Scott	Jazztime Use Vol 2
Tony Scott	Music For Zen Meditation
Tony Scott	Newport 1958
Tony Scott	The Old Lion Roars
Tony Scott	The Touch Of Tony Scott
Tony Scott	Tony Scott
Tony Scott	Tony Scott In Hifi
Tony Scott And  Horst Jankowski Trio	In Concert
Tubby Hayes	A Tribute To Tubbs
Tubby Hayes	Addictive Tendencies (Disk 1)
Tubby Hayes	Addictive Tendencies (Disk 2)
Tubby Hayes	In Scandinavia
Tubby Hayes	Inventivity - Cd 1
Tubby Hayes	Inventivity - Cd2
Tubby Hayes	Jazz Genius - The Flamingo Years
Tubby Hayes	Jazz Genius - The Flamingo Years
Tubby Hayes	Jazz Genius - The Flamingo Years
Tubby Hayes	Jazz Genius - The Flamingo Years
Tubby Hayes	Late Spot At Scott´S
Tubby Hayes	Live At The Dancing Slipper - Vol 1
Tubby Hayes	Live At The Dancing Slipper - Vol 2
Tubby Hayes	Live At The Hopbine
Tubby Hayes	Mexican Green
Tubby Hayes	Night And Day
Tubby Hayes	Return Visit
Tubby Hayes	Split Kick - Live In Sweden 1972
Tubby Hayes	Symphony - The Lost Session
Tubby Hayes	The Little Giant (Disc 1 Of 4) - Too Marvellous For Words
Tubby Hayes	The Little Giant (Disc 2 Of 4) - Peace Pipe
Tubby Hayes	The Little Giant (Disc 3 Of 4) - Room 608
Tubby Hayes	The Little Giant (Disc 4 Of 4) - Message To The Messengers
Tubby Hayes	Tubbs
Tubby Hayes	Tubby'S Groove
Tubby Hayes And Paul Gonsalves	Change Of Setting
Tubby Hayes Orchestra Vic Ash Quintet New Jazz Group	New Jazz Scene 1956
Tubby Hayes With Clark Terry	The New York Sessions
Turk Mauro	Live In Paris
Turk Mauro	The Truth
Valery Ponomarev	Profile
Valery Ponomarev	Trip To Moscow
Various	Affinity - The Compact Sound Of Jazz
Various	All The Winners
Various	Atlantic - Post Bop
Various	Beyond El Rocco
Various	David X Young'S Jazz Loft Disc One
Various	David X Young'S Jazz Loft Disc Two
Various	Dutch Jazz Vol 10 Giants
Various	Jazz In Paris - Cinema
Various	Jazz In Paris - Cinema
Various	Jazz In Paris - Cinema
Various	On The Spot
Various	Tercet
Various	Va - Atlantic Jazz Legends - 2014
Various	Va - Atlantic Jazz Legends - 2014
Various	Va - Atlantic Jazz Legends - 2014
Various	Va - Atlantic Jazz Legends - 2014
Various	Va - Atlantic Jazz Legends - 2014
Various	Va - Atlantic Jazz Legends - 2014
Various	Va - Atlantic Jazz Legends - 2014
Various	Va - Atlantic Jazz Legends - 2014
Various	Va - Atlantic Jazz Legends - 2014
Various	Va - Atlantic Jazz Legends - 2014
Various	Va - Atlantic Jazz Legends - 2014
Various	Va - Atlantic Jazz Legends - 2014
Various	Va - Atlantic Jazz Legends - 2014
Various	Va - Atlantic Jazz Legends - 2014
Various	Va - Atlantic Jazz Legends - 2014
Various	Va - Atlantic Jazz Legends - 2014
Various	Va - Atlantic Jazz Legends - 2014
Various	Va - Atlantic Jazz Legends - 2014
Various	Va - Atlantic Jazz Legends - 2014
Various	Va - Atlantic Jazz Legends - 2014
Various	Va - Atlantic Jazz Legends - 2014
Vasilis Xenopoulos	The Wind Machine
Vic Ash	Session For Four
Vic Lewis New Music	Bebop In Britain - In All Directions
Victor Feldman Quartet	Bebop In Britain - Limbering Up - The First Sessions
Vido Musso, Stan Getz & Kay Winding	Loaded
Vienna Art Orchestra	Duke Ellington'S Sound Of Love
Vincent Herring	American Experience
Walter Bishop Jr	Speak Low
Wanderlust	Song And Dance
Wardell Gray	Lester Young'S Disciples
Wardell Gray	One For Prez
Wardell Gray	Wardell Gray Complete Sunset & New Jazz Masters
Wardell Gray And Chet Baker	California Jam Session
Wardell Gray Quartet	Bebop Spoken Here - Disc 2 (Confirmation)
Wardell Gray Quartet	Bebop Spoken Here_ Tempus Fugit
Warne Marsh	All Music
Warne Marsh	Berlin 1980
Warne Marsh	De Tobbe (Bootleg)
Warne Marsh	De Tobbe (Bootleg)
Warne Marsh	De Tobbe (Bootleg)
Warne Marsh	Final Interplay
Warne Marsh	I Got A Good One For You
Warne Marsh	Lester Young'S Disciples
Warne Marsh	Ne Plus Ultra
Warne Marsh	New York City Live
Warne Marsh	New York City Live
Warne Marsh	New York City Live
Warne Marsh	Red Mitchell - Big Two Vol. I
Warne Marsh	Release Record - Send Tape
Warne Marsh	Star Highs
Warne Marsh - Sal Mosca Quartet	Warne Marsh - Sal Mosca - Volume 2
Warne Marsh And Art Pepper	Warne Marsh And Art Pepper
Warne Marsh And Lee Konitz	Two Not One - Vol 1
Warne Marsh And Lee Konitz	Two Not One - Vol 2
Warne Marsh And Lee Konitz	Two Not One - Vol 3
Warne Marsh And Lee Konitz	Two Not One - Vol 4
Wayne Shorter	Adam'S Apple
Wayne Shorter	Juju
Wayne Shorter	Second Genesis
Wayne Shorter	Speak No Evil
Wayne Shorter	The All Seeing Eye
Weather Report	Heavy Weather
Wes Montgomery	Full House (Live)
Wes Montgomery	Groove Yard
Wes Montgomery	Movin' Wes
Wes Montgomery	Straight, No Chaser
Wes Montgomery All-Stars	A Good Git-Together
Woody Herman & His Orchestra	Bebop Spoken Here - How High The Moon
Woody Herman & His Orchestra	Bebop Spoken Here_ Tempus Fugit
Wynton Kelly Trio, Wes Montgomery	Smokin' At The Half Note
Wynton Marsalis	At The Octoroon Balls
Zoot Sims	Art Pepper & Zoot Sims 'All Stars'
Zoot Sims	At Ronnie Scott'S 1961 - The Complete Recordings
Zoot Sims	Basie & Zoot Sims
Zoot Sims	Compatability
Zoot Sims	Down Home
Zoot Sims	Gerry Mulligan Meets The Saxophonists (1960)
Zoot Sims	I Hear A Rhapsody
Zoot Sims	If I'M Lucky
Zoot Sims	In A Sentimental Mood
Zoot Sims	Lester Young'S Disciples
Zoot Sims	Passion Flower_ Zoot Sims Plays Duke Ellington
Zoot Sims	Quartet & Sextet
Zoot Sims	Send In The Clowns (1993)
Zoot Sims	Suddenly It'S Spring (1983)
Zoot Sims	The Innocent Years
Zoot Sims	The Modern Art Of Jazz Vol.1
Zoot Sims	The Swinger With Zoot Sims (1988)
Zoot Sims	Two Jims And Zoot
Zoot Sims	Zoot
Zoot Sims	Zoot Sims And The Gershwin Brothers (1990)
Zoot Sims	Zoot Sims Plays Soprano Sax
Zoot Sims - Al Cohn - Herb Steward - Serge Chaloff	The Four Brothers Together Again
Zoot Sims And Bob Brookmeyer	Stretching Out - Kansas City Revisited
Zoot Sims And Bob Brookmeyer	Whooeeee
Zoot Sims Et Henri Renaud	Jazz In Paris
